source	translation	literal_translation
DHP1	Mind is the forerunner of mental states, mind is their chief, they are mind-made. If one speaks or acts with a corrupted mind, then suffering follows them, even as the wheel follows the hoof of the drawing ox.	Mental states have mind as forerunner, have mind as chief, are mind-made. If with corrupted mind one speaks or does [anything], from that [cause] suffering follows him, like a wheel [follows] the foot of the drawing [ox].
DHP2	Mental states are preceded by mind, have mind as their leader, and are mind-made. If one speaks or acts with a pure mind, happiness follows them like a shadow that never leaves.	Mental phenomena have mind as forerunner, have mind as chief, are made of mind. If, with a clear mind, one speaks or acts, because of that, happiness follows him, like a shadow not going away.
DHP3	“He abused me, he struck me, he defeated me, he robbed me.” In those who harbor such thoughts, hatred is not appeased.	He abused me, he struck me, he defeated me, he took from me; for those who bind that (grudge), hatred for them is not calmed.
DHP4	“He abused me, he struck me, he defeated me, he robbed me.” In those who do not harbor such resentment, hatred is stilled.	He abused me, he struck me, he defeated me, he brought [away] my [property]; and for those who do not bind that [on themselves], hatred is calmed for them.
DHP5	For never in this world is hatred stilled by hatred; it is stilled by non-hatred. This is an eternal law.	For never here by hatred are hatreds stilled; but by non-hatred they are stilled; this is the eternal law.
DHP6	Others do not understand that we must perish here. But for those who understand this, their quarrels are thereby stilled.	But others do not understand; we here must perish. And those who understand in that regard, from that [understanding] quarrels subside.
DHP7	One who dwells observing beauty, unrestrained in the senses, immoderate in eating, lazy and low in energy—Māra truly overpowers him, as the wind overthrows a weak tree.	One who dwells observing beauty, unrestrained in the senses, and immoderate in eating, lazy, having low energy, that one indeed Māra overpowers, as the wind a weak tree.
DHP8	Māra does not overcome one who lives observing the unattractive, who is well restrained in their senses, moderate in eating, faithful and energetic—just as the wind does not overcome a rocky mountain.	One living observing the unattractive, well-restrained in the senses, and knowing moderation in eating, faithful and having energy aroused—truly Māra does not overcome him, as the wind a rocky mountain.
DHP9	One who is not free from impurity, who would wear the saffron-colored robe while devoid of self-restraint and truth, is not worthy of the saffron-colored robe.	Not without impurity, saffron-colored, who cloth will put on, devoid of self-restraint and truth, not he saffron-colored (robe) is worthy of.
DHP10	But whoever has cast out impurity, is well-established in the virtues, and is endowed with self-restraint and truth, he indeed is worthy of the monk's robe.	And whoever [is] of [one who has] cast off impurity, well controlled in virtues, endowed with self-restraint and truth, he indeed is worthy of the monk's robe.
DHP11	Taking the unessential for the essential and the essential for the unessential, they do not reach the essential, ranging in the field of wrong thoughts.	In the essenceless, [being] ones who perceive essence; and in the essential, [being] ones who see the essenceless; they do not reach essence, [being] ones whose range is wrong intention.
DHP12	Knowing the essential as essential and the unessential as unessential, they reach the essence, ranging in the sphere of right intention.	And having known the essential as essential and the unessential as unessential, they attain the essential, [being those] having right thought as their field of activity.
DHP13	Just as the rain penetrates a poorly-roofed house, so lust penetrates an undeveloped mind.	Just as a poorly-roofed house the rain penetrates, so an undeveloped mind lust penetrates.
DHP14	Just as rain does not penetrate a well-thatched house, even so lust does not penetrate a well-developed mind.	Just as a house well-thatched, rain not penetrates; even so a well-developed mind, lust not penetrates.
DHP15	Here he sorrows, hereafter he sorrows; the evil-doer sorrows in both states. He sorrows, he is afflicted, seeing the impurity of his own deeds.	Here he sorrows, after death he sorrows, the evil-doer in both places sorrows; he sorrows, he is troubled, having seen the soiled action of himself.
DHP16	Here he rejoices, hereafter he rejoices; the doer of merit rejoices in both worlds. He rejoices and is jubilant, seeing the purity of his own deeds.	Here he rejoices, after death he rejoices; the merit-maker in both places rejoices. He rejoices, he is delighted, having seen the purity of his own action.
DHP17	Here he suffers remorse, after death he suffers remorse; the evil-doer suffers remorse in both cases. He suffers remorse thinking 'Evil has been done by me'; having gone to a state of misery, he suffers remorse even more.	Here he suffers remorse, after death he suffers remorse, the evil-doer in both places suffers remorse, 'Evil by me is done' thus he suffers remorse, more he suffers remorse having gone to a state of misery.
DHP18	Here he rejoices, after death he rejoices; the maker of merit rejoices in both worlds. Thinking 'I have done merit,' he rejoices; he rejoices even more when he has gone to a happy state.	Here he rejoices, after death he rejoices, the one who has done merit in both places rejoices; 'Merit by me [has been] done,' thus he rejoices; still more he rejoices, [having] gone [to] a good destination.
DHP19	Even if he recites much of the scriptures, but if a heedless man does not act accordingly, like a cowherd counting others' cows, he has no part in the ascetic life.	Even if much connected text speaking, not acting accordingly is a man heedless; like a cowherd cows counting of others, not a partaker of monkhood he is.
DHP20	Even if he recites but little of the scriptures, yet lives according to the Dhamma; having abandoned passion, aversion, and delusion, possessing perfect knowledge and a well-liberated mind, not clinging to anything in this world or the next—he shares in the fruits of the monkhood.	Even a little if the scriptures speaking, of the Dhamma he is a liver-according-to-the-Dhamma, passion and aversion and having abandoned delusion, perfectly knowing well-liberated-mind, not-clinging here or there or, he sharing-in of monkhood is.
DHP21	Heedfulness is the path to the deathless; heedlessness is the path of death. The heedful do not die; those who are heedless are as if already dead.	Heedfulness [is] the path to the deathless, heedlessness [is] the path of death; the heedful [ones] do not die, those who [are] heedless [are] like dead [ones].
DHP22	Understanding this distinctly, the wise ones, diligent in heedfulness, rejoice in heedfulness, delighting in the domain of the Noble Ones.	Having known this distinctly, the wise in heedfulness, rejoice in heedfulness, delighted in the domain of the Noble Ones.
DHP23	Those wise ones, meditative and diligent, always possessing firm persistence, attain Nibbāna, the unsurpassed security from bondage.	Those meditators, diligent ones, always having persistent effort, they reach Nibbāna, the wise ones, the unsurpassed security from the yoke.
DHP24	For one who is energetic, mindful, pure in deed, acting with care, self-controlled, living righteously, and diligent, their fame increases greatly.	Of the energetic, of the mindful, of the one pure in deed, of the careful doer, of the restrained, of the righteous liver, and of the diligent, fame increases greatly.
DHP25	By effort and heedfulness, by restraint and self-control, let the wise man make for himself an island which no flood can overwhelm.	By effort and by heedfulness, by restraint and by self-control, an island let the wise man make, which the flood does not overwhelm.
DHP26	Foolish, unwise people indulge in negligence; but the wise person guards heedfulness like their best treasure.	Fools, unwise people, indulge in negligence; and the wise one guards heedfulness like a best treasure.
DHP27	Do not indulge in heedlessness, nor in intimacy with sensual delight; for the heedful one, meditating, attains vast happiness.	Do not engage in negligence, do not engage in intimacy with delight in sensual pleasure; for the diligent one meditating, attains vast happiness.
DHP28	When the wise person drives away negligence through diligence, having ascended the palace of wisdom, sorrowless, he looks down upon the sorrowing people; just as one standing on a mountain looks down upon those standing on the ground, the wise one looks down upon the fools.	When the sage drives away negligence by diligence, having climbed the tower of wisdom, sorrowless, he looks at the sorrowful people; as one standing on a mountain looks at those standing on the ground, the wise man looks at the fools.
DHP29	Diligent among the heedless, wide awake among those asleep, the wise one moves forward like a swift horse leaving behind a weak one.	Diligent among the heedless, much-awake among those asleep, like a swift horse having left behind a weak horse, the wise one goes.
DHP30	By diligence, Maghavā reached the highest state among the gods. The wise praise diligence; heedlessness is always blamed.	By means of diligence, Maghavant went to pre-eminence of the gods; they praise diligence; heedlessness is blamed always.
DHP31	A monk who delights in diligence and sees danger in negligence moves along like a fire, burning up every fetter, whether small or large.	A monk delighting in non-heedlessness, or seeing danger in heedlessness, burning a fetter, subtle (and) gross, goes like a fire.
DHP32	A monk who delights in diligence and sees danger in negligence is incapable of falling away; he is right in the presence of Nibbāna.	A monk delighting in diligence, or seeing danger in negligence, is incapable of decline, indeed in the vicinity of Nibbāna.
DHP33	The wise man makes straight the trembling, fickle mind, which is difficult to guard and hard to restrain, just as a fletcher straightens an arrow.	The trembling, fickle mind, hard to protect, difficult to restrain, the wise man makes straight, like a fletcher [straightens] an arrow-shaft.
DHP34	Like a fish thrown onto dry land, pulled out from its watery home, this mind flops about in order to escape the realm of Māra.	Like a fish thrown on dry land, pulled out from its watery home, this mind flops about to give up the realm of Māra.
DHP35	Control of the mind—which is difficult to restrain, swift, and landing wherever it wants—is good. A tamed mind brings happiness.	Of [the mind] hard to restrain, swift, landing wherever it wants, of the mind control is good. The mind tamed brings happiness.
DHP36	Extremely difficult to see, very subtle, and landing wherever it likes: the wise man should guard the mind. A guarded mind brings happiness.	Extremely difficult to see, very subtle, landing wherever it wants: the wise person should guard the mind; the guarded mind is a bringer of happiness.
DHP37	Those who restrain the mind—which travels far, wanders alone, is bodiless, and lies hidden in the heart—will be freed from the bond of Māra.	Those who will restrain the mind, far-ranging, wandering alone, bodiless, dwelling in the cave [of the heart], will be freed from the bond of Māra.
DHP38	Wisdom does not become full for one whose mind is unstable, who does not know the true Teaching, and whose confidence wavers.	Of one with an unstable mind, of one not knowing the true doctrine, of one whose faith is wavering, wisdom does not fully mature.
DHP39	For one whose mind is free of lust, whose mind is unruffled, who has transcended both merit and evil—for such a wakeful one, there is no fear.	For one whose mind is not oozing, whose mind is not ruffed, who has abandoned merit and evil—there is no fear for the one awake.
DHP40	Realizing that this body is as fragile as a clay pot and fortifying this mind like a fortress, one should attack Mara with the weapon of wisdom; one should protect what has been won and remain without attachment.	Having known this body to be like a clay pot, having established this mind like a fortress, one should fight Mara with the weapon of wisdom; and one should protect what is conquered, one should be without clinging.
DHP41	Before long, alas, this body will lie upon the earth, cast aside, devoid of consciousness, like a useless log.	Soon indeed this body upon the earth will lie, thrown away, devoid of consciousness, like a useless piece of wood.
DHP42	Whatever harm an enemy may do to an enemy, or a hater to a hater, a wrongly directed mind can do one even greater harm than that.	Whatever an enemy might do to an enemy, or a hostile person to a hostile person; a wrongly directed mind might make one worse than that.
DHP43	Neither mother nor father, nor any other relative, can do one as much good as a well-directed mind.	Neither mother nor father could do that, nor even other relatives; a well-directed mind could do for him even better than that.
DHP44	Who will investigate this earth and this world of Yama with its gods? Who will investigate the well-taught verse of Dhamma, just as a skilled person plucks a flower?	Who this earth will investigate, and this Yama-world together with gods? Who the well-taught Dhamma-verse, as a skilled [one] like a flower will pluck?
DHP45	The trainee will understand this earth and the world of Yama with its gods; the trainee will understand the well-taught verse of the Dhamma, just as a skilled person picks a flower.	The trainee will investigate the earth and this Yama-world including the devas; the trainee will pick the well-taught Dhamma-verse, like a skilled person picks a flower.
DHP46	Knowing this body to be like foam, realizing its mirage-like nature, cutting off the flower-tipped arrows of Mara, one should go where the King of Death cannot see.	Having known this body [to be] foam-like, fully understanding [it as having] mirage-nature, having cut the flower-arrows of Mara, one should go to the not-seeing of the King of Death.
DHP47	Death carries off the man who is only picking flowers, whose mind is obsessed, just as a great flood carries off a sleeping village.	Picking flowers indeed, a man with an attached mind, death, taking [him], goes, like a great flood [taking] a sleeping village.
DHP48	Death brings under its power the person who is picking flowers, whose mind is attached to them, and who is never satisfied with sensual pleasures.	The Ender brings under his control the man indeed picking flowers, with an attached mind, even unsatisfied in sensual pleasures.
DHP49	Just as a bee takes the nectar and flies away without harming the flower's beauty and fragrance, so should the sage move through the village.	Just as a bee, taking the nectar, goes away without harming the flower, its beauty and its fragrance, thus in the village the sage should move.
DHP50	Not the faults of others, not what others have done or left undone; one should consider only what oneself has done and left undone.	Not of others the disagreeable things, not of others what is done and not done; only of oneself one should consider things done and things not done.
DHP51	Just like a beautiful flower that is colorful but scentless, even so, well-spoken words are fruitless for one who does not act on them.	Just as a beautiful flower, having color [but] without scent, even so well-spoken speech is fruitless it is for one not doing.
DHP52	Just like a beautiful flower, which has color and is fragrant, so well-spoken words are fruitful for one who acts.	Just as a beautiful flower, having color [and] having fragrance, thus well-spoken speech is fruitful for one who is doing.
DHP53	Just as from a heap of flowers many garlands can be made, so by a mortal once born, much good should be done.	Just as from a heap of flowers one might make many garlands, thus by a born mortal should be done much good.
DHP54	The fragrance of flowers does not travel against the wind, nor does that of sandalwood, tagara, or jasmine. But the fragrance of the virtuous does travel against the wind; the good man wafts in all directions.	The fragrance of flowers does not go against the wind, nor sandalwood, nor tagara and jasmine; but the fragrance of the virtuous goes against the wind; a good man wafts unto all directions.
DHP55	Sandalwood, tagara, blue water lily, or even Arabian jasmine—of these varieties of fragrance, the fragrance of virtue is supreme.	Sandalwood, tagara flower, or even blue water lily, then Arabian jasmine; of these kinds of perfume, the fragrance of virtue is unsurpassed.
DHP56	This scent of jasmine and sandalwood is slight; but the scent of the virtuous is supreme, wafting even among the gods.	Small is this scent, which is this tagara and sandalwood; but the scent of the virtuous wafts among the gods, supreme.
DHP57	Mara does not find the path of those who are perfect in virtue, who dwell in heedfulness, and who are liberated through perfect knowledge.	Of those perfect in virtue, dwelling in heedfulness, liberated through perfect knowledge, Mara does not find the path.
DHP58	Just as in a heap of rubbish discarded on the high road, a sweet-smelling and delightful lotus might grow there.	Just as in a rubbish-place, discarded on a main road, a lotus there might grow, sweet-smelling, mind-pleasing.
DHP59	Thus, among those who have become like rubbish, among the ordinary people who are blinded by ignorance, the disciple of the Perfectly Enlightened Buddha outshines them with wisdom.	Thus, in those become like rubbish, in the ordinary person become blind, the disciple of the Perfectly Awakened One outshines by wisdom.
DHP60	Long is the night to one who is awake; long is the league to one who is tired; long is the round of rebirths for fools who do not know the True Teaching.	Long [is] the night of the one being awake; long [is] the league of the tired one; long [is] the wandering-on of fools not knowing the True Teaching.
DHP61	If, while wandering, one does not find a companion better than or equal to oneself, one should firmly resolve to live alone; there is no friendship with a fool.	If, wandering, one should not find a better [one or] one similar to oneself, one should do solitary wandering firmly; there is no companionship in a fool.
DHP62	'I have sons, I have wealth,' thus the fool troubles himself. Since even his own self is not his own, how can he have sons or wealth?	'Sons are for me, wealth is for me,' thus the fool suffers. Since the self indeed is not for the self, from where are sons, from where is wealth?
DHP63	The fool who knows his foolishness is wise at least to that extent, but the fool who thinks himself wise is called a fool indeed.	Whoever being a fool knows his foolishness, he is wise by that; but the fool who imagines himself wise, he is truly called 'a fool'.
DHP64	Even if for his whole life a fool associates with a wise man, he does not understand the Dhamma, just as a spoon does not know the taste of the soup.	Even if for as long as life lasts a fool closely attends to a wise man, he does not comprehend the teaching, like a spoon the taste of soup.
DHP65	If even for a moment a wise person associates with a sage, they quickly understand the Dhamma, just as the tongue tastes the flavor of the soup.	If even for a moment a wise person associates with a wise man, quickly they comprehend the Teaching, like the tongue the taste of soup.
DHP66	Fools of poor wisdom practice [life] with themselves as if with an enemy, doing evil deeds which have bitter results.	Fools, the unwise ones, wander with [their own] self just like with an enemy, performing evil action which is of bitter fruit.
DHP67	That deed is not well done which, after doing it, one regrets, and the consequences of which one reaps with a tearful face and weeping.	That action done is not good, which having done one regrets, [and] whose result one experiences crying [with] a tear-stained face.
DHP68	But that deed is well done which, after doing it, one does not regret, and whose result one experiences with a satisfied and happy mind.	But that deed [is] done well, which having done [one] does not regret, of which [one] satisfied [and] happy-minded, experiences the result.
DHP69	The fool thinks it is sweet as honey as long as the evil deed does not ripen; but when the evil deed ripens, the fool undergoes suffering.	A fool thinks it is sweet as honey as long as evil does not ripen; but when the evil ripens, the fool undergoes suffering.
DHP70	Month after month, even if a fool should eat his food with the tip of a blade of kusa grass, he is not worth a sixteenth part of those who have comprehended the Dhamma.	Month by month, with the tip of kusa [grass], a fool might eat food; he is not worth a sixteenth part of those who have comprehended the Dhamma.
DHP71	An evil deed that has been done does not certainly curdle at once, like milk. It follows the fool, smoldering, like fire covered by ashes.	For an evil action having been done does not instantly turn like milk; it follows the fool burning, like fire covered with ashes.
DHP72	Knowledge arises for a fool only to his own harm; it destroys the fool's good fortune, splitting apart his head.	Only for harm knowledge for a fool arises; it harms of the fool the bright portion, of him the head splitting apart.
DHP73	He might wish for unwarranted status, precedence among the monks, authority in the monasteries, and homage from other families.	He might wish for unwarranted status, and precedence among the monks, and authority in the monasteries, homage in other families and.
DHP74	“Let both laypeople and monastics think that this was done by me alone; let them be under my control alone in all duties, whatever they may be.” Such is the fool’s intention; his desire and pride increase.	“By me alone something done let them think, householders and monastics both; under my control alone let them be, in duties and non-duties in anything”; thus of the fool the intention, desire and pride increase.
DHP75	One is the way to material gain, another is the way to Nibbāna. Having clearly understood this, a monk, a disciple of the Buddha, should not delight in worldly honor but should foster seclusion.	For one (is) the cause for gain, another (is) leading to Nibbāna; having understood this thus, a monk, a disciple of the Buddha, should not delight in honor, he should foster seclusion.
DHP76	One should follow a wise person who reproves and points out faults, as if they were a pointer out of hidden treasures. For one who follows such a person, it is better, not worse.	Like a proclaimer of treasures, whom one should see as a fault-seer, a reprover, an intelligent man—such a sage one should associate with. For one associating with such a one, better it becomes, not worse.
DHP77	One should advise, one should instruct, and one should restrain from bad manners; for such a person is dear to the virtuous and undear to the unvirtuous.	One should advise and one should instruct, and from impoliteness one should restrain; for he is dear to the virtuous, he is undear to the unvirtuous.
DHP78	One should not associate with bad friends, nor with the lowest of men. One should associate with good friends, and with the best of men.	Not should associate with bad friends, not should associate with worst men; should associate with good friends, should associate with highest men.
DHP79	He who drinks the Dhamma dwells happily with a serene mind; the wise man always delights in the Dhamma proclaimed by the Noble One.	One drinking the Dhamma happily dwells with a serene mind; the wise man always delights in the Dhamma proclaimed by the Noble One.
DHP80	Irregators lead the water, fletchers bend the arrow, carpenters shape the wood, and the wise tame themselves.	Irrigators indeed lead the water, arrow-makers bend the arrow-shaft, carpenters bend the wood, the wise tame the self.
DHP81	Just as a solid rock is not shaken by the wind, so the wise are not moved by blame and praise.	A rock just as solid, by the wind not is shaken, thus amidst blame and praise, not move the wise.
DHP82	Just as a deep pool is clear and undisturbed, so the wise, having heard the teachings, become serene.	Just as a pool [is] deep, clear, [and] undisturbed; thus, having heard the teachings, the wise become serene.
DHP83	Everywhere indeed the virtuous give up attachment; the good do not chatter with a desire for sensual pleasures. Whether touched by happiness or by pain, the wise display no elation or depression.	Everywhere indeed virtuous men give up [attachment]; virtuous ones not desiring sensual pleasure do not chatter. Touched by happiness or indeed by pain, the wise do not display high and low [fluctuation].
DHP84	Neither for one's own sake nor for the sake of another, should one desire a son, wealth, or a kingdom; nor should one desire one's own success by unjust means. Such a person is virtuous, wise, and righteous.	Not for the sake of self, not for the sake of another, he should not wish for a son, not wealth, not a kingdom; he should not wish for his own success by unrighteousness; he would be virtuous, wise, and righteous.
DHP85	Few are those among men who reach the far shore; the rest of mankind only runs up and down along the bank.	Few are those among humans, which people are goers to the far shore; but this other mankind only runs along the bank.
DHP86	But those who follow the Dhamma in the Dhamma well-taught, those people will reach the far shore, across the realm of death which is so difficult to cross.	And indeed whoever in the well-taught teaching are followers of the teaching, those people will go to the far shore, across the realm of death extremely difficult to cross.
DHP87	Abandoning the dark state, the wise man should develop the bright. Having gone from home to homelessness, in seclusion where it is difficult to find delight...	Having completely abandoned the dark state, the wise man should develop the bright; having come to homelessness from home, in seclusion where it is hard to delight.
DHP88	There he should seek delight, having abandoned sensual pleasures and possessing nothing; the wise man should cleanse himself from the defilements of the mind.	There delight he should desire, having abandoned sensual pleasures, being without possessions, he should cleanse himself from mental defilements, the wise man.
DHP89	Those whose minds are well cultivated in the factors of enlightenment, who delight in relinquishing attachment without grasping, they—radiant ones with effluents destroyed—attain final Nibbāna in the world.	Of whom in the elements of full awakening the mind is thoroughly well cultivated, in the relinquishing of grasping, not holding onto, who are delighted, with effluents exhausted, the radiant ones, they in the world are completely quenched.
DHP90	For one who has completed the journey, who is free from sorrow, who is released in every way, and who has abandoned all bonds, no fever of passion is found.	Of the one whose journey is finished, the one without grief, the one freed everywhere, the one whose all bonds are abandoned, distress does not exist.
DHP91	The mindful depart; they do not delight in a home. Just as swans leave their pond, they abandon every abode.	The mindful ones set out; they do not delight in a home. Like swans having left a pond, they abandon home after home.
DHP92	Those who have no accumulation, who have fully understood the fuel of existence, whose domain is the void and the signless liberation—their track, like that of birds in the sky, is hard to trace.	Of whom accumulation there is not, who have fully understood food, for whom void and signless liberation is the domain, like the birds in the sky, their track is hard to follow.
DHP93	One whose defilements are exhausted, who is not dependent on food, whose range is the liberation of emptiness and the signless—their track is hard to trace, like that of birds in the sky.	Of whom the outflows are exhausted, and in food not dependent, emptiness and signless and liberation of whom [is] the range, like of birds in the sky, the path of him [is] difficult to follow.
DHP94	Even the gods envy him whose senses are stilled like horses well tamed by a trainer, who has abandoned conceit and is free from taints.	Of whom the senses are stilled, like horses well tamed by a trainer, of the one with conceit abandoned, of the taintless one, even the gods envy that such a one.
DHP95	Like the earth, he is not opposed; like a gatepost is such a person of good vows; like a lake free from mud, for such a one there are no more rebirths.	Like earth not is opposed, gatepost-like such well-vowed [person], lake-like free-from-mud, rebirths not exist of such a one.
DHP96	His mind is calm, calm are his speech and action, of one who is liberated by perfect knowledge, who is tranquil and unaffected.	Calm is his mind, calm are his speech and action, of the one liberated through perfect knowledge, of the calmed one, of such a character.
DHP97	The man who is not credulous, who knows the uncreated, who has broken the connection to rebirth, who has destroyed all opportunity for further existence, and who has given up all desire—he is indeed a supreme person.	The man who (is) not credulous, a knower of the uncreated, and a connection-breaker, and whatever man (is) one whose opportunity is destroyed, whose desire is given up, he indeed (is) a supreme person.
DHP98	Whether in a village or in a forest, whether in a valley or on high ground—wherever Arahants dwell, that place is delightful.	In a village or whether in a forest, in a valley or whether on high ground, wherever Arahants dwell, that is a delightful place.
DHP99	Delightful are the forests where ordinary people find no delight. Those free from passion will find delight there, for they are not seekers of sensual pleasure.	Beautiful are the forests, where the person does not delight; those free from passion will delight, they are not seekers of sensual pleasure.
DHP100	Even a thousand words, if they are composed of meaningless lines, are not as good as a single meaningful word, which, having been heard, brings peace.	Even a thousand [words] if words [are] connected with meaningless lines, one meaningful line [is] better, which having heard [one] is calmed.
DHP101	Even if there are a thousand verses composed of unbeneficial lines, one line of verse is better, hearing which one is calmed.	Even if [there be] a thousand verses composed of unbeneficial words, one verse-line [is] better, which having heard, [one] is calmed.
DHP102	And though one should recite a hundred verses composed of unbeneficial lines, one word of the teaching is better, which having heard, one is calmed.	And whoever should recite a hundred verses connected with unbeneficial sayings, one word of the Dhamma is better, having heard which, one is calmed.
DHP103	Though one should conquer a million men in battle, yet he who conquers himself is the supreme victor in battle.	Whoever should conquer a thousand by a thousand men in battle, and should conquer one—himself—he indeed is the supreme victor in battle.
DHP103-104	Though one should conquer a million men in battle, yet he who conquers himself is the supreme victor in battle. Victory over oneself is truly better than victory over all other people, for a person who is self-controlled and always lives with self-restraint.	Whoever should conquer a thousand by a thousand men in battle, and should conquer one—himself—he indeed is the supreme victor in battle. Self truly conquered [is] better than this other offspring; for a person of self-tamed [one], always of [one] acting with self-control.
DHP104	Victory over oneself is truly better than victory over all other people, for a person who is self-controlled and always lives with self-restraint.	Self truly conquered [is] better than this other offspring; for a person of self-tamed [one], always of [one] acting with self-control.
DHP104-105	Victory over oneself is truly better than victory over all other people, for a person who is self-controlled and always lives with self-restraint. Neither a god, nor a gandhabbo, nor Māra together with Brahma, can turn into defeat the victory of such a person who has self-mastery.	Self truly conquered [is] better than this other offspring; for a person of self-tamed [one], always of [one] acting with self-control. Neither a god nor a heavenly musician, nor Māra with Brahma, could make into a defeat the victory of such a person.
DHP105	Neither a god, nor a gandhabbo, nor Māra together with Brahma, can turn into defeat the victory of such a person who has self-mastery.	Neither a god nor a heavenly musician, nor Māra with Brahma, could make into a defeat the victory of such a person.
DHP106	Month after month for a hundred years, one might perform sacrifices costing a thousand units each. But if one were to honor, even for a moment, a person who has developed themselves, that single act of honoring is far better than a hundred years of ritual sacrifice.	Month after month with a thousand, whoever would sacrifice for a hundred years; but if one would honor for even a moment one who has developed their self; just that honoring is better than a hundred years of offering.
DHP107	Though a person should tend the sacrificial fire in the forest for a hundred years, if they were to honour even for a moment one who has developed themselves, that honouring is indeed better than a hundred years of sacrifice.	Whoever and for a hundred years, a person, fire should worship in forest, and one self-developed person even for a moment should honour; that very honouring is better than if a hundred years of sacrifice.
DHP108	Whatever offering or sacrifice one might make in the world for a whole year, seeking merit, all of that is not worth even a quarter of the merit gained by paying respect to the upright ones, which is far better.	Whatever offering or sacrifice in the world for a year one might sacrifice seeking merit, all even that not a fourth part goes; paying respect among the upright is better.
DHP109	For one who is habitually respectful, who always honors the seniors, four qualities increase: long life, beauty, happiness, and strength.	For one of the nature of bowing down, always honoring the elderly, four things increase: life, complexion, happiness, strength.
DHP110	And though one should live a hundred years, unethical and unconcentrated, yet better is a single day's life of one who is virtuous and meditative.	And whoever should live for a hundred years, unprincipled, uncomposed, life for one day [is] better for the virtuous meditator.
DHP111	And whoever should live for a hundred years, foolish and unconcentrated, better is the life of a single day for one who is wise and meditative.	And who should live for a hundred years, foolish, uncomposed; better is the life for one day of the wise, of the meditator.
DHP112	"And who for a hundred years might live,
Lazy and of low energy,
Better is the life of a single day,
For one who arouses effort firmly."	And whoever for a hundred years should live, lazy, lacking in energy, for one day life is better of one firmly arousing energy.
DHP113	And whoever should live for a hundred years not seeing the rising and falling of things, better is the life of a single day for one who sees their rising and falling.	And whoever for a hundred years should live not seeing rising and falling, better is life for a single day of one seeing rising and falling.
DHP114	And whoever should live a hundred years, not seeing the deathless state; yet better is the life of a single day for one who sees the deathless state.	And whoever should live for a hundred years not seeing the deathless state, better is the living for a single day of one seeing the deathless state.
DHP115	Though one should live a hundred years not seeing the supreme Dhamma, yet better is the life of a single day for one who sees the supreme Dhamma.	Whoever and a hundred years should live not seeing the supreme Dhamma, life for one day is better for one seeing the supreme Dhamma.
DHP116	One should hasten to do good and restrain the mind from evil; for the mind of one who is slow in doing merit delights in evil.	One should hasten in goodness, one should restrain the mind from evil; for of one doing merit slowly, the mind delights in evil.
DHP117	If a man should do evil, let him not do it again and again. Let him not find pleasure in it, for the accumulation of evil is painful.	If a man should do evil action, he should not do it again and again; he should not make desire in that; painful is the accumulation of evil action.
DHP118	If a person should do merit, they should do it again and again. They should find delight in it; happy is the accumulation of merit.	If a man should do merit, he should do that again and again, in that he should make desire; happy is the accumulation of merit.
DHP119	Even an evildoer encounters good fortune as long as their evil deed does not ripen. But when the evil deed ripens, then the evildoer experiences the evil consequences.	Even an evildoer sees good so long as the evil matures not; but when the evil matures, then the evildoer sees evils.
DHP120	Even a good person encounters evil as long as the good deed does not ripen; but when the good deed ripens, then the good person encounters good things.	Even a good person sees evil as long as the good (deed) does not ripen, but when the good (deed) ripens, then the good person sees good (things).
DHP121	Do not think lightly of evil, saying, 'It will not come to me.' Even a water jar is filled by the falling of water drops. Likewise, the fool, gathering it little by little, is filled with evil.	May one not think lightly of evil: 'To me that will not come.' By the falling of a water drop, even a water jar is filled. The fool is filled with evil, accumulating it even a little by little.
DHP122	One should not think lightly of merit, saying, 'It will not come to me.' Even a water jar is filled by the falling of drops of water. A wise man is filled with merit, accumulating it little by little.	May one not disregard merit, [thinking] 'that will not come to me.' By the falling of water-drops even a water jar is filled; the wise man is filled with merit, even a little by a little gathering.
DHP123	Just as a wealthy merchant with only a small caravan avoids a dangerous road, and just as one who loves life avoids poison, so should one avoid evil deeds.	Like a merchant a dangerous road, having a small caravan, having great wealth, like one wishing to live poison, evils one should avoid.
DHP124	If there is no wound on the hand, one could carry poison in the hand. Poison does not affect the woundless; there is no evil for one who does no evil.	If in the hand there would not be a wound, one would carry poison with the hand; poison does not follow the woundless one; there is no evil for one not doing [evil].
DHP125	Whoever offends an innocent person, a man who is pure and unblemished, the evil recoils upon that very fool, like fine dust thrown against the wind.	Whoever offends an innocent man, a pure person, an unblemished one, that evil returns to that very fool, like fine dust thrown against the wind.
DHP126	Some are reborn in a womb, evil-doers in hell, the righteous go to heaven, and the taintless attain final emancipation.	Some are born in a womb; the evil-doers [go to] hell; the fortunate ones go to heaven; the taintless ones attain parinibbāna.
DHP127	Neither in the sky nor in the middle of the sea, nor by entering a mountain cleft, is there found any place on earth where, staying there, one might be freed from the consequences of an evil deed.	Not in the sky, not in the middle of the sea, not having entered a mountain crevice; that place on earth does not exist, where standing, one might be released from an evil action.
DHP128	Neither in the sky nor in the middle of the sea, nor by entering a mountain cleft—there exists no place on earth where one might stand and death would not overcome them.	Not in the sky, not in the middle of the sea, not having entered a mountain cleft; that place on earth is not found, where standing, death would not overcome [one].
DHP129	All tremble at the stick, all fear death. Having made oneself the example, one should neither kill nor cause to kill.	All tremble at the stick, all fear death; having made oneself the example, one should not kill, one should not cause to kill.
DHP130	All tremble at the rod, life is dear to all; having made oneself the example, one should neither kill nor cause to kill.	All tremble of the stick, to all life is dear, having made self the example, one should not strike, one should not cause to slaughter.
DHP131	Whoever harms with a stick living beings who desire happiness, while seeking his own happiness, does not obtain happiness after death.	Living beings desiring happiness, whoever with a stick harms, for himself happiness seeking, having gone forward (after death) he not gets happiness.
DHP132	One who does not harm with a stick living beings who desire happiness, while seeking happiness for oneself, after death that one obtains happiness.	Living beings [who are] desiring happiness, who with a stick does not harm, seeking happiness of oneself, having gone forth (after death) he obtains happiness.
DHP133	Do not speak harshly to anyone; those spoken to might retort to you. For quarrelsome speech is painful, and retaliations might strike you.	Do not say anything harsh to anyone; those spoken to might retort to you; for quarrelsome speech is painful; retaliations might touch you.
DHP134	If you do not stir yourself up, like a broken bronze gong, then you have reached Nibbana; no agitation is found in you.	If you do not agitate yourself, as a broken bronze gong, this [one] you are reached Nibbana; agitation for you is not found.
DHP135	Just as a cowherd drives cows to pasture with a stick, so old age and death drive the life of living beings.	Just as with a stick a cowherd drives cows to pasture, so old age and death drive the life of living beings.
DHP136	But when the fool performs evil deeds, he does not realize it; through his own deeds the unwise person is tormented, just like one burned by fire.	But doing evil deeds the fool does not understand; by his own deeds the unwise one is tormented even as [one] burned by fire.
DHP137	Whoever wrongs the unarmed and innocent with a stick, they very quickly undergo one of ten states.	Whoever with a stick against those without sticks, against the non-corrupt, wrongs, one of ten thing[s] very quickly he undergoes.
DHP138	He might experience severe pain, loss of wealth, bodily injury, a serious illness, or mental derangement.	Severe pain, loss, and breaking of the body, or even a serious affliction, and mental derangement he would experience.
DHP139	Or trouble from the king, and a harsh false accusation, and the loss of relatives, and the destruction of wealth.	Or trouble from a king, and a brutal slandering, and a depletion of relatives, and a breaking of possessions.
DHP140	Then, or fire—the bright one—burns his houses; upon the breakup of the body, the fool is reborn in hell.	Then or his houses fire burns, the bright one; at the breakup of the body, the witless one is reborn in hell.
DHP141	Neither nudity nor matted hair nor smearing with mud, nor fasting nor sleeping on the bare ground, nor dust and dirt nor the practice of squatting, can purify a mortal who has not overcome doubt.	Neither naked-conduct nor dreadlocks nor mud, nor fasting nor sleeping on the ground or dust-dirt and squatting-exertion, purify a mortal who has not overcome doubt.
DHP142	Even if dressed up, if one should live in a balanced manner—tranquil, tamed, restrained, a spiritual practitioner—having laid aside violence towards all beings, he is a holy man, he is an ascetic, he is a monk.	Even if decorated, if he should live equally, peaceful, tamed, restrained, a spiritual practitioner, having put down the stick towards all beings, that one (is) a Brahman, that one (is) an ascetic, that (one is) a monk.
DHP143	Is there any man in the world, restrained by conscience, who avoids reproach, just as a noble horse avoids the whip?	A man restrained by conscience, any in the world is found, who avoids reproach, like a noble horse a whip.
DHP144	Like a noble horse touched by the whip, be ardent and urgent. By faith, virtue, effort, stillness, and investigation of reality, being accomplished in wisdom and conduct and mindful, you will abandon this great suffering.	A horse like a noble one touched by the whip, ardent and urgent be you all; by faith, by virtue and by effort and, by stillness, by investigation of reality and, accomplished in wisdom and conduct, mindful, you will give up this great suffering.
DHP145	Indeed, irrigators lead the water; fletchers straighten the arrow; carpenters shape the wood; the virtuous tame themselves.	Certainly irrigators lead the water, fletchers bend the arrow-shaft, carpenters bend the wood, the virtuous ones tame the self.
DHP146	How can there be laughter, how can there be joy, when the world is constantly burning? Shrouded in darkness, why do you not seek a light?	What is the laughter, what is the joy, while it is constantly burning? Enveloped by darkness, you do not seek a lamp.
DHP147	Look at this adorned image, a mass of sores propped up, sickly, full of many plans, which has no permanent stability.	See the mind-made image, a collection of wounds raised up, sick, having many intentions, of which there is no stable standing.
DHP148	This body is worn out, a fragile nest of disease; this putrid mass breaks up, for life ends in death.	This form is worn out, a nest of disease, fragile; the rotting body breaks up, for life has death as its end.
DHP149	These bones, thrown away like bottle gourds in autumn, are dove-gray; having seen them, what delight is there?	Whichever these [are] thrown away, like bottle gourds in autumn, dove-gray bones; those having seen, what delight [is there]?
DHP150	A city is built of bones, plastered with flesh and blood; within it dwell old age and death, pride and denigration.	A city made of bones, with a plastering of flesh and blood, where old age and death, conceit and denigration are deposited.
DHP151	Indeed, even the beautifully adorned royal chariots wear out, and the body too reaches old age; but the Dhamma of the virtuous does not grow old—thus do the virtuous truly proclaim to the virtuous.	Truly royal chariots well-adorned wear out, and also the body reaches old age, and the teaching of the virtuous not reaches old age, the virtuous truly to the virtuous proclaim.
DHP152	This man of little learning grows old like an ox; his flesh increases, but his wisdom does not.	This unlearned man ages like an ox; the flesh of him grows, the wisdom of him not grows.
DHP153	I have wandered through the cycle of many births, searching for the house-builder but not finding him; painful is birth again and again.	Through the wandering of many births I wandered, not finding [him], the house-builder seeking; painful is birth again and again.
DHP154	O house-builder, you are seen! You will not build a house again. All your rafters are broken, the ridge-pole is deconstructed. The mind has gone to the unconditioned; it has reached the destruction of cravings.	O house-builder, you are seen; again a house you will not make; all your rafters are broken, the ridge-pole is deconstructed; the mind is gone to the unconstructed; it reached the exhaustion of cravings.
DHP155	They who have not led the holy life, and have not gained wealth in their youth, pine away like old herons in a pond without fish.	Having not led the holy life, having not gained wealth in youth, they brood like old herons in a pond depleted of fish.
DHP156	Neither having lived the spiritual life nor having gained wealth in their youth, they lie like spent arrows shot from a bow, sighing over the past.	Having not lived the spiritual life, having not obtained wealth in youth, they lie like arrows shot from a bow, lamenting past things.
DHP157	If one holds oneself dear, one should protect oneself well. During any one of the three stages of life, a wise man should keep watch.	If one should know oneself as dear, one should protect him well-guarded; during one of the three stages of life, the wise man should keep watch.
DHP158	First, one should establish oneself in what is proper, and then one should instruct others; thus the wise man would not be stained.	First one should establish oneself in what is proper; then one should instruct others; the wise man would not be stained.
DHP159	If one would act towards oneself just as one instructs another, then, being well-tamed, one could tame others; for the self is indeed difficult to tame.	Oneself if so should-do, just as another [one] instructs, well-tamed indeed [one] would-tame; self for truly difficult-to-tame.
DHP160	One is indeed one's own protector; for who else could the protector be? With a self well-controlled, one obtains a protector that is difficult to find.	Self indeed is the protector of self; who indeed could be another protector? By the self indeed well-controlled, one obtains a protector difficult to find.
DHP161	Truly, the evil done by oneself, born of oneself, and produced by oneself, crushes the unwise one, just as a diamond crushes a stone-made jewel.	By oneself indeed [the] done evil, self-born, self-produced, crushes [the] unwise [one], [as] a diamond a stone-made jewel.
DHP162	One whose extreme immorality is spread over him like a maluva creeper over a sal tree, he does to himself exactly what his enemy would wish for him.	For whom extreme bad behavior, like a maluva creeper spread over a sal tree, he makes himself so, just as an enemy wishes for him.
DHP163	Bad deeds and things harmful to oneself are easily done; what is beneficial and good is truly hardest to do.	Bad things and unbeneficial things of oneself (are) easy to do; whatever indeed (is) beneficial and good, that indeed (is) extremely difficult to do.
DHP164	Whatever foolish person, relying on an evil view, disdains the teaching of the Arahants—the Noble Ones who live righteously—he bears fruit only for his own destruction, just as the bamboo bears fruit to its own end.	Whoever foolish person, having depended on an evil view, rejects the teaching of the Arahants, the Noble Ones living the Dhamma, he bears fruit for self-destruction, like the fruit of the bamboo.
DHP165	For by oneself is evil done, by oneself is one defiled; by oneself is evil left undone, by oneself alone is one purified. Purity and impurity depend on oneself; no one can purify another.	Indeed by oneself evil is done, by oneself one is defiled, by oneself evil is not done, by oneself only one is purified, purity and impurity are individual; another person cannot purify another person.
DHP166	One should not neglect one's own welfare for the sake of another's, however great. Having understood one's own welfare, one should be intent on one's own goal.	One's own welfare [for the sake of] another's welfare, even by much one should not neglect. Having directly known one's own welfare, one should be intent on one's own benefit.
DHP167	One should not follow low teachings; one should not live with negligence. One should not follow wrong views, and one should not be a prolonger of the world.	A low teaching one should not follow, with negligence one should not live, a wrong view one should not follow, not should one be a world-increaser.
DHP168	One should get up and not be negligent. One should practice the Dhamma well. One who practices the Dhamma sleeps happily, in this world and in the next.	One should stand up, one should not be negligent; one should practice the teaching well-practiced; a Dhamma-practitioner sleeps happily, in this world and in the next.
DHP169	One should practice the Dhamma well; one should not practice it badly. He who lives by the Dhamma lives happily in this world and the next.	One should practice the Dhamma well-conducted, one should not practice it ill-conducted; he who lives the Dhamma lives happily in this world and in the next.
DHP170	As one would see a bubble, as one would see a mirage; so the King of Death does not see one who views the world in this way.	Just as one would see a little bubble, as one would see a mirage; so the King of Death does not see one who is viewing the world in this manner.
DHP171	Come, look at this world, adorned like a royal carriage; here fools sink down, but for those who understand, there is no attachment.	Come, look at this world, beautiful like a king's chariot, where fools sink; there is no attachment of the understanding ones.
DHP172	Whoever was formerly negligent but later is not negligent, illuminates this world like the moon freed from a cloud.	Whoever and previously having been negligent, afterwards he not is negligent, he this world illuminates, from cloud released like moon.
DHP173	Whose evil deed is superseded by a wholesome one, he illuminates this world like the moon freed from a cloud.	Whose evil action done is covered by a wholesome [deed], he illuminates this world, like the moon released from a cloud.
DHP174	This world is blind; only a few here see clearly. Like a bird escaped from a net, few go to heaven.	This world is become-blind, a few here see-distinctly; like a bird freed-from-a-net, a few go to heaven.
DHP175	Swans fly on the path of the sun; they fly through the sky by psychic power. The wise depart from the world, having conquered Mara and his army.	Swans go on the sun's path; they go in the sky by psychic power; the wise are led out from the world, having conquered Mara together with [his] army.
DHP176	For a person who has transgressed even one rule, who speaks lies, and who has rejected the next world, there is no evil that cannot be done.	For a person having overstepped one teaching, speaking falsely, having rejected the other world, there is not an evil not to be done.
DHP177	Miserly people indeed do not go to the world of the gods; fools indeed do not praise giving. But a wise person, appreciating giving, because of that alone becomes happy hereafter.	Indeed the miserly do not go to the world of gods; fools truly do not praise generosity; and the wise person, rejoicing in the gift, because of that very thing he becomes happy in the next world.
DHP178	Better than sole sovereignty over the earth, or going to heaven, or lordship over the entire world, is the fruit of stream-entry.	Than sole sovereignty of the earth, or than going to heaven, than supreme power over the whole world, the fruit of entering the stream is better.
DHP179	Whose victory is not turned back into defeat, whose victory no one in the world follows—that Buddha of infinite range, the trackless, by what path will you lead him?	Whose victory is not defeated, whose victory no one in the world follows into, that Awakened One of infinite domain, the trackless, by what path will you lead (him)?
DHP180	In whom there is no craving—the net-like and entangling one—to lead him anywhere, by what track would you lead that Buddha of infinite range, the trackless one?	Of whom the net-like, entangling craving is not anywhere to lead (him) away, that Buddha of infinite range, the trackless one, by what track will you lead him?
DHP181	Those wise ones intent on meditation, finding delight in the peace of renunciation, even the gods envy them—the Awakened Ones, the mindful.	Who (are) intent on meditation, wise (ones), delighted in the peace of renunciation, even gods for them envy, for (those) awakened (ones), for (those) having mindfulness.
DHP182	Hard is the birth as a human; hard is the life of mortals; hard is the hearing of the True Teaching; hard is the arising of Buddhas.	Difficult is the gaining of a human state; difficult is the life of mortals; difficult is the hearing of the true teaching; difficult is the arising of Buddhas.
DHP183	Not to do any evil, to attain the wholesome, and to purify one's own mind: this is the teaching of the Buddhas.	The non-doing of all evil, the undertaking of the wholesome, the purification of one's own mind; this is the instruction of the Buddhas.
DHP184	Patience is the highest austerity, forbearance; the Buddhas say Nibbāna is supreme. Indeed, one who harms others is not a renunciant, and one who oppresses another is not an ascetic.	Patience is the highest austerity, endurance; the Buddhas say Nibbāna is highest; for one who harms others is not a renunciant, one who harms another is not an ascetic.
DHP185	Not insulting, not harming, restraint according to the monastic code, moderation in food, dwelling in a secluded place, and devotion to higher meditation—this is the teaching of the Buddhas.	Not blaming, not harming, and restraint in the Patimokkha, and moderation in food, and a secluded dwelling, and devotion in higher mind; this is the teaching of the Buddhas.
DHP186	Satisfaction is not found in sensual pleasures even by a shower of gold coins. Having understood that sensual pleasures give little enjoyment and are painful, the wise man...	Not by a shower of silver coins satisfaction in sensual pleasures is found; providing little enjoyment and painful are sensual pleasures; thus having understood, the wise man.
DHP187	Even in heavenly pleasures he finds no delight. The disciple of the perfectly awakened Buddha takes delight only in the destruction of craving.	Even in heavenly sensual pleasures delight he does not find; the disciple of the perfectly awakened Buddha is delighted in the destruction of craving.
DHP188	Many people, indeed, driven by fear, go for refuge to mountains, forests, parks, trees, and shrines.	Many, indeed, refuge go to, mountains, forests and, parks-trees-shrines, men fear-threatened.
DHP189	Indeed, this is not a secure refuge, this is not the supreme refuge; not by coming to this refuge is one released from all suffering.	This indeed (is) not a secure refuge, this (is) not the supreme refuge, having come to this refuge, (one) is not released from all suffering.
DHP190	But whoever has gone for refuge to the Buddha, the Teaching, and the Community, sees with correct wisdom the Four Noble Truths.	Whoever and to the Buddha and to the Teaching and to the Community refuge gone, four noble truths with correct wisdom sees.
DHP191	Suffering, the origin of suffering, the transcending of suffering, and the noble eightfold path leading to the cessation of suffering.	Suffering, the arising of suffering, and the transcending of suffering, [and] the noble eightfold path leading to the calming of suffering.
DHP192	This indeed is the safe refuge, this is the supreme refuge; having gone to this refuge, one is freed from all suffering.	This indeed [is] refuge safe, this [is] refuge supreme, this refuge having-come-to, from-all-suffering [one] is-freed.
DHP193	Rare is a man of noble birth; he is not born everywhere. Wherever such a wise man is born, that family prospers in happiness.	Difficult to find is a thoroughbred man, he not everywhere is born, where he is born, the wise one, that family thrives comfortably.
DHP194	Happy is the arising of Buddhas, happy is the teaching of the true teaching, happy is the concord of the Sangha, happy is the spiritual practice of those in concord.	Pleasant is the arising of Buddhas, pleasant is the true Dhamma teaching, pleasant is the harmony of the Sangha, pleasant is the practice of those in concord.
DHP195	Of one honoring those worthy of honor—whether the Buddhas or their disciples—who have transcended mental proliferation and crossed beyond sorrow and lamentation.	Of (one) honoring those worthy of honor, (namely) the Buddhas or indeed the disciples, who have transcended proliferation, who have crossed over sorrow and lamentation.
DHP196	When someone reveres such as these—those who are emancipated and have no reason to be afraid—no one is able to calculate their merit as being even this much.	Of one revering such ones, (who are) quenched (and) with nothing to fear from anywhere, merit is not possible to be calculated as even just this much by anyone.
DHP197	Extremely happily indeed we live, free from animosity among those who are hostile; among hostile humans, we dwell free from animosity.	Extremely happily indeed we live, free from animosity among the hostile; among hostile humans, we dwell free from animosity.
DHP198	We live very happily indeed, healthy among the diseased; among diseased people, we dwell healthy.	Extremely happily indeed we live, among the diseased being healthy, among diseased humans we dwell being healthy.
DHP199	Extremely happily indeed we live, relaxed among the agitated; among agitated people, we dwell relaxed.	Extremely happily indeed we live, unanxious among the anxious, among anxious people, we dwell unanxious.
DHP200	Extremely happily indeed we live, we who have nothing at all; we shall be feeders on delight, like the radiant gods.	Very happily indeed we live, of whom for us there is not anything; feeders on delight we shall be, like the radiant gods.
DHP201	Victory breeds hatred, the defeated live in pain. The peaceful live happily, having abandoned both victory and defeat.	Victory generates hatred, the defeated one lies down in pain; the peaceful one lies down happily, having abandoned victory-and-defeat.
DHP202	There is no fire like passion, no crime like hatred, no suffering like the aggregates, and no bliss higher than peace.	There is no fire equal to lust; there is no fault equal to hatred; there is no suffering equal to the aggregates; there is no happiness higher than peace.
DHP203	Hunger is the worst of illnesses, conditioned things are the worst of suffering. Having known this as it truly is, one realizes Nibbana, the highest bliss.	Hunger is the supreme disease, formations are the supreme pain; having known this as it has become, Nibbana is the ultimate happiness.
DHP204	Health is the highest gain, contentment the highest wealth, trust the highest relative, Nibbāna the highest bliss.	Health-highest are gains, contentment-highest is wealth, trust-highest are kinsmen, Nibbāna is the highest happiness.
DHP205	Having tasted the flavor of solitude and the flavor of peace, one becomes free from anguish and free from sin while drinking the flavor of joy in the Dhamma.	Having drunk the flavor of solitude and the flavor of peace, he is free from anguish, free from sin, drinking the flavor of joy in the Dhamma.
DHP206	Seeing the noble ones is good; living with them is always happy. Through not seeing fools, one would always be happy.	Excellent is the seeing of the noble ones; association is always happy; by the not seeing of fools, one would certainly be always happy.
DHP207	For one who keeps company with fools sorrows for a long time; living with fools is painful, as is being with an enemy always. But a wise person is pleasant to live with, like meeting with relatives.	For one going around associated with fools sorrows a long time; association with fools is painful, like with an enemy always; and the wise man is pleasant to live together with, like a gathering of relatives.
DHP208	Therefore, one should follow such a person—the wise, the intelligent, the learned, the patient, the devout, and the noble—a good man of great wisdom, just as the moon follows the path of the stars.	Therefore indeed, the wise and the intelligent and the learned, the patient-natured, the devout and noble, that such good man of good wisdom, one should associate with, like the moon the path of the stars.
DHP209	Engaging oneself in what is unsuitable and not engaging in meditation; having abandoned the goal and grasping after what is dear, one envies those who apply themselves to meditation.	In the unsuitable engaging oneself, and in meditation not engaging, the goal having abandoned, grasping after the dear, one envies the one devoted to meditation.
DHP210	Do not associate with dear ones, nor ever with those not dear; for it is painful not to see dear ones, and it is painful to see those not dear.	Do not associate with dear ones, [nor] with those not dear ever; the not-seeing of dear ones is painful, and the seeing of those not dear [is painful].
DHP211	Therefore, do not hold anything dear, for separation from the beloved is painful. No bonds exist for those who have neither dear nor undear.	Therefore, one should not make (anything) dear, for separation from the dear is evil; bonds for them do not exist, for whom there is no dear and undear.
DHP212	From love arises grief, from love arises fear; for one who is freed from love, there is no grief, how much less fear?	From love arises grief, from love arises fear; for one who is completely released from love, there is no grief, from where [is there] fear?
DHP213	From love arises grief, from love arises fear; for one who is completely freed from love, there is no grief, much less fear.	From love is born grief, from love is born fear; of one who is freed from love, grief exists not, whence [could there be] fear?
DHP214	From delight arises grief, from delight arises fear; for one who is freed from delight, there is no grief, let alone fear.	From delight arises grief; from delight arises fear. Of one freed from delight, there is not grief; from where (would there be) fear?
DHP215	From sensual desire arises sorrow, from sensual desire arises fear; for one who is released from sensual desire, there is no sorrow, much less fear.	From sensual desire arises sorrow, from sensual desire arises fear; for one released from sensual desire, sorrow exists not, whence fear?
DHP216	From craving arises grief, from craving arises fear. For one who is freed from craving, there is no grief, how much less fear?	From craving arises grief, from craving arises fear; of one freed from craving, there is no grief, from where [is there] fear?
DHP217	One who is endowed with virtue and insight, established in the Dhamma, a knower of truth, and who fulfills his own duties—him the people hold dear.	Endowed with virtue and insight, established in the Dhamma, knowing truth, doing his own work; that one the people make dear.
DHP218	One who has developed a wish for the Indescribable, whose mind is permeated with it, and whose heart is not bound to sensual pleasures, is called 'one who flows upstream'.	One whose interest has arisen in the Indescribable, and who would be permeated with the mind, and whose mind is not bound in sensual pleasures, is called 'one who flows upstream'.
DHP219	When a man who has lived abroad for a long time returns home safely from afar, his relatives, friends, and well-wishers rejoice at his arrival.	A man who has lived abroad for a long time, come safely from afar, relatives, friends and well-wishers rejoice at him who has come.
DHP220	In the same way, when one who has done merit has gone from this world to the next, their merits receive them, just as relatives welcome a dear one who has returned.	Likewise, even the merit-maker, having gone from this world to the next, merits receive [him], like relatives [welcome] a dear one come [back].
DHP221	One should give up anger, one should abandon pride, and one should transcend every fetter. Sufferings do not befall that one who does not cling to name and form and possesses nothing.	Anger one should give up, pride one should abandon, every fetter one should transcend; sufferings do not follow that one not clinging to name and form, having nothing.
DHP222	Whoever restrains flare-up anger like a swerving chariot, that one I call a charioteer; other people are just holding the reins.	Whoever indeed should check arisen anger like a swerving chariot, him I call a charioteer; other person is a rein-holder.
DHP223	Conquer anger with non-anger, with goodness conquer the bad, conquer the miser with a gift, and with truth the speaker of lies.	By non-anger one should conquer anger, by goodness one should conquer the bad, one should conquer the miser by a gift, by truth the speaker of lies.
DHP224	Speak the truth, do not get angry, and give when asked even if it is only a little; by these three ways, one may go to the presence of the gods.	One should speak the truth, one should not be angry, one should give a little even when asked; by these three ways, one would go into the presence of the gods.
DHP225	Those sages who are harmless, always restrained in body, go to the everlasting state, where, having gone, they sorrow no more.	The harmless sages who, always by the body restrained, they go to the everlasting place, where having gone they do not sorrow.
DHP226	For those who are always watchful, training themselves day and night, and are intent on Nibbāna, their defilements come to an end.	For those always being awake, training day and night, intent on Nibbāna, the defilements go to an end.
DHP227	This is an ancient thing, Atula, it is not just of today: they blame the one who sits in silence, they blame the one who speaks much, they also blame the one who speaks moderately; there is no one in the world who is not blamed.	This is ancient, Atula, this is not as if it were of today; they blame him sitting silently, they blame him speaking much, they blame even him speaking moderately; there is no one in the world unblamed.
DHP228	There has never been, there will never be, and there is not now, a person who is solely blamed or solely praised.	Not and there was not, and not will be, not and now exists, exclusively blamed man, exclusively or praised.
DHP229	If wise people, having investigated, praise him day after day—one of flawless conduct, intelligent, endowed with wisdom and virtue.	If which (one) wise (people) praise, having investigated, tomorrow tomorrow, (one of) flawless behavior, (one) intelligent, (one) wisdom-virtue-endowed.
DHP230	Like a golden ornament of fine Jambonada gold, who is worthy to criticize him? Even the gods praise him; by Brahma too he is praised.	Like a golden ornament of fine gold, who is worthy to blame that one? Even the gods praise him; by Brahma too he is praised.
DHP231	One should guard against physical agitation and be restrained in body; abandoning physical misconduct, one should lead a life of good physical conduct.	One should guard against physical agitation, one should be restrained by the body; having abandoned physical misconduct, one should practice good conduct with the body.
DHP232	One should guard against verbal agitation and be restrained in speech. Abandoning verbal misconduct, one should practice good conduct in speech.	One should guard against verbal agitation; one should be restrained by speech; having abandoned verbal misconduct, one should practice good conduct by speech.
DHP233	One should guard against mental agitation and be restrained in mind. Having abandoned mental misconduct, one should practice good conduct with the mind.	One should guard against mental disturbance, might be restrained by the mind, having abandoned mental misconduct, one should practice good conduct with the mind.
DHP234	The wise are restrained in body, and also restrained in speech; the wise are restrained in mind—they are indeed truly well-restrained.	The sages are restrained by body, also restrained by speech, the sages are restrained by mind; they indeed are well-restrained.
DHP235	You are now like a withered leaf; even the minions of Death have arrived for you. You stand on the threshold of your departure, yet you have no provisions for the journey.	You are now like a yellow leaf; and Death's men are present for you; and you stand at the mouth of departure; and even provision for the journey is not found for you.
DHP236	Make a refuge for yourself, strive quickly, and be wise. With impurities removed and unblemished, you will reach the divine realm of the Noble Ones.	You make a refuge for yourself, quickly strive, be wise; with stains removed, spotless, to the divine noble-realm you will reach.
DHP237	And now you are at the end of life, you have set out for the presence of Yama. There is no dwelling for you along the way, nor are provisions for you to be found.	And (at) the end of life now you are, you have gone to (the) presence of Yama, (a) dwelling for you is not along (the) way, and provisions even for you (are) not found.
DHP238	So, make an island for yourself; strive quickly and be wise. With stains removed and unblemished, you will not come again to birth and old age.	That (you) make an island for yourself; quickly strive, wise be; with removed stains, unblemished, not again birth and old age you will approach.
DHP239	By degrees, little by little, from moment to moment, a wise man should remove his own impurities, just as a smith removes the dross of silver.	Gradually, the wise man, a little bit a little bit, in moment in moment, (like) a smith indeed of silver, should blow away the impurity of himself.
DHP240	Just as rust arising from iron, having arisen from it, devours that very iron; so do one's own deeds lead the transgressor to a bad destination.	As if from iron rust arisen, from that arisen, that very [iron] it eats; so do one's own deeds lead the person of transgressive conduct to a state of misery.
DHP241	Non-recitation is the stain of scriptures, inaction is the stain of houses, laziness is the stain of beauty, and heedlessness is the stain of one who guards.	Scriptures have non-recitation as their stain; houses have lack of initiative as their stain; laziness is the stain of beauty; heedlessness is the stain of one who protects.
DHP242	Misconduct is the stain of a woman, and stinginess is the stain of a giver. Evil states are indeed stains, both in this world and the next.	Misconduct is the stain of a woman, stinginess is the stain of one who gives; evil states indeed are stains, in this world and in the next.
DHP243	Than those impurities, there is a greater impurity: ignorance is the ultimate impurity. Having abandoned that impurity, be stainless, O monks.	From those impurities, a greater impurity; ignorance is the highest impurity; that impurity having abandoned, stainless be, monks.
DHP244	Life is easy for a shameless person, one who is brazen as a crow, corrupt, audacious, arrogant, and defiled.	Life is easy to live by one who is shameless, brazen as a crow, corrupt, audacious, arrogant, and defiled.
DHP245	But life is hard for one with a sense of shame, who always seeks purity, who is active and modest, who lives a pure life and sees clearly.	And by one having a conscience life is hard to live, by one always seeking purity, by one active and not impudent, by one with a pure livelihood, by one seeing.
DHP246	Whoever kills living beings, and tells lies, takes in this world what is not given, and commits adultery.	Whoever kills a living being, and speaks false speech, takes in the world what is not given, and goes to another's wife.
DHP247	And the man who indulges in drinking distilled and fermented liquor, right here in this world, he digs up his own root.	And whoever man indulges in the drinking of distilled and fermented liquor, here itself indeed this one in the world digs the root of himself.
DHP248	Know this, O man: evil deeds are unrestrained. Let not greed and injustice subject you to long-lasting suffering.	Thus, O sir, O man, know: evil-deeds (are) unrestrained; let not you greed and injustice for long for-suffering harm.
DHP249	Indeed, people give according to their faith and according to their inspiration. In that regard, whoever becomes upset over the food and drink given to others, he does not attain concentration by day or by night.	People give indeed according to faith, according to pleasure; in that regard whoever becomes troubled in the food and drink of others, he not by day or by night attains meditative composure.
DHP250	But for whom this is cut off, destroyed at the root, and eradicated—he indeed, whether by day or by night, attains meditative composure.	For whom if-this [is] cut-off, root-destroyed, uprooted; he truly by-day or by-night meditative-stoppage attains.
DHP251	There is no fire like passion, there is no seizer like hatred, there is no snare like delusion, there is no river like craving.	There is no fire equal to lust, there is no grip equal to aversion, there is no net equal to delusion, there is no river equal to craving.
DHP252	Easy to see is the fault of others, but one’s own is hard to see. For he winnows the faults of others like chaff, but his own he conceals, like a crafty gambler hides a losing throw.	Easy to see [is] the fault of others, but one’s own [is] hard to see; for he winnows the faults of others like chaff, but his own [faults] he conceals, like a crafty gambler [hides] a losing die.
DHP253	For one who observes the defects of others and is always critical, their effluents increase; they are far from the destruction of the effluents.	Of one seeing another's faults, of one always perceiving fault, the effluents of him increase; he is far from the destruction of the effluents.
DHP254	Just as there is no track in the sky, so there is no true ascetic outside the Buddha's teaching. Mankind delights in conceptual proliferation, but the Tathagatas are free from it.	In the sky like a track is not; an ascetic is not outside. Mankind is delighted in proliferation; the Tathagatas are free from proliferation.
DHP255	There is no track in the sky, and no true ascetic outside the Buddhist path. No conditioned things are eternal, and there is no perturbation in the Buddhas.	In the sky just like a track is not; an ascetic is not outside; conditioned things eternal are not; there is not the Buddhas' perturbation.
DHP256	One is not righteous merely because one decides a case impulsively. But the wise person is one who, having investigated both right and wrong, decides a case.	Not by that is he righteous, whereby he decides a case impulsively; but whoever, having evaluated both the right and the wrong, is a wise man.
DHP257	One who leads others not arbitrarily, but through righteousness and impartiality—that wise man, guarded by the Dhamma, is called 'established in Dhamma'.	Not jumping to conclusions, through righteousness, and with impartiality he leads others; guarded by the Dhamma, the wise man is called one who is 'established in Dhamma'.
DHP258	One is not a wise man just because he speaks much. He who is peaceful, free from hatred, and fearless is called wise.	Not on that account a wise man is, in as much as much he speaks; peaceful, free from hatred, fearless—'a wise man' thus is called.
DHP259	One is not a bearer of the Dhamma just because one speaks a lot. But one who, even after hearing a little, sees the Dhamma for oneself and does not neglect the Dhamma—he is truly a bearer of the Dhamma.	Not on that account is he a Dhamma-bearer, in so far as he speaks much. But whoever, even having heard a little, sees the Dhamma with the body, he indeed is a Dhamma-bearer, who does not neglect the Dhamma.
DHP260	One is not an elder because his head is grey; even if his age is mature, he is called 'old in vain.'	Not by that an elder he is, because of which his grey [is] the head; matured [is] the life of him, 'old in vain' thus he is called.
DHP261	In whom there is truth and virtue, non-violence, restraint, and self-control—that wise one, free from impurity, is indeed called an elder.	In whom truth and virtue, non-harming, restraint, [and] self-control [exist], he indeed, with impurities cast off, wise, is called an 'elder'.
DHP262	Not by mere eloquence, or by beauty of complexion, does a man become a man of good character, if he is jealous, selfish, and deceitful.	Not by mere polished speech or by beauty of appearance is a man of good form, (who is) jealous, stingy, (and) dishonest.
DHP263	But for whom this is cut off, destroyed at the root, and uprooted, that wise man, purged of hatred, is called 'distinguished'.	And for whom this [is] cut off, destroyed at the root, eradicated, he [is] purged of hatred, a wise man, 'distinguished' thus is called.
DHP264	One is not an ascetic by a shaven head if one is without vows and speaks lies. Full of desire and greed, how can one be an ascetic?	Not by a shaven [head] is one an ascetic, [being] without religious practice [and] speaking a lie; [one] possessed of desire and greed, how will [he] be an ascetic?
DHP265	And whoever calms down evil deeds—small and large in every way—is called a 'monk' because of the calming of evil.	And whoever calms down evil actions, small and large in every way, because of the state of having calmed evil actions, 'ascetic' thus he is called.
DHP266	He is not a monk on that account, just because he begs from others; having undertaken a carnal practice, one is not a monk to that extent.	Not on that account he a monk is, in so far as he begs from others; a carnal practice having undertaken, a monk he is not to that extent.
DHP267	Whoever here, having removed both merit and evil, living the holy life, lives in the world with understanding—he is truly called a monk.	Whoever here, merit and evil having removed, living the holy life, with understanding in the world lives, he truly 'monk' is called.
DHP268	One does not become a sage by silence if one is foolish and ignorant. But the wise man who, as if holding a pair of scales, takes what is best...	Not by silence a sage becomes, one of foolish nature and ignorant; but whoever, as if holding up a scale, taking the best, is a wise man.
DHP269	He shuns evil actions; for that reason he is a sage; he is a sage because of that. Whoever weighs both worlds, for that is he called a sage.	Evils he completely avoids, he is a sage, because of that he is a sage; whoever knows both worlds, a sage because of that he is called.
DHP270	One is not a noble person because one harms living beings. By non-harming towards all living beings, one is called 'noble'.	One is not a noble one by that [fact] that one harms living beings; by harmlessness towards all living beings, one is called 'noble'.
DHP271	Not by mere precepts and practices, nor by much learning, or even by the attainment of concentration, nor by a secluded residence,	Not by-mere-precepts-and-practices, by-deep-learning or indeed, rather or by-attainment-of-meditative-composure, by-secluded-residence or.
DHP272	I experience the happiness of renunciation, which is not experienced by ordinary people. O monk, do not be confident until you have reached the destruction of the effluents.	I experience the renunciation-happiness, which is non-ordinary-folk-cultivated; O monk, do not fall into trust, not-having-attained the effluent-destruction.
DHP273	The eightfold path is the best of paths, the four truths are the best of truths; dispassion is the best of states, and the one with vision is the best of bipeds.	Of paths, the eight-limbed is the best; of truths, the four words; dispassion is the best of phenomena; and among two-footed [beings], the one with vision.
DHP274	This just is the path; there is no other for the purification of insight. You should follow this path; it is the bewildering of Mara.	Just this is the path, there is not another for the purification of insight. This indeed you follow; this is Mara's bewildering.
DHP275	For once you have entered upon this path, you will make an end of suffering; the path has been pointed out to you by me, having understood the removal of the barb.	Indeed, you, having followed this, will make an end of suffering; the path has been declared to you by me, after having understood the cutting out of the arrow.
DHP276	You yourselves must make the effort; the Tathāgatas are only teachers. Those who have entered the path and are meditative will be freed from the bonds of Māra.	By you the effort should be made; the Tathāgatas are speakers. Practising ones will be freed, meditative ones, from Māra's bond.
DHP277	When one sees with wisdom that 'all conditioned things are impermanent', then one becomes disenchanted with suffering. This is the path to purity.	When [one] sees with wisdom [that] 'all conditioned things [are] impermanent', then [one] is disenchanted in suffering; this [is] the path for purity.
DHP278	'All conditioned things are suffering'—when one sees this with wisdom, then one is disenchanted with suffering. This is the path to purity.	All formations [are] painful—when with wisdom [one] sees, then [one] is disenchanted in suffering; this [is] the path for purity.
DHP279	When one sees with wisdom that 'all phenomena are not-self,' then one grows weary of suffering. This is the path to purification.	All phenomena are not-self thus, when with wisdom one sees, then one is disenchanted with suffering; this is the path to purification.
DHP280	One who does not strive when it is time to strive, who though young and strong is full of sloth, with a mind of depressed resolve and indolent—that lazy person does not find the path to wisdom.	At the right time for effort not exerting himself, young and strong yet endowed with laziness, with depressed thoughts in his mind and indolent, that lazy one does not find the path by means of wisdom.
DHP281	Guarding one's speech and well restrained in mind, one should do no unskilful deed with the body. One should purify these three paths of action, and should win the path proclaimed by the seers.	Guarding speech, well restrained with the mind, and one should do no unskilful deed with the body; one should purify these three paths of action; one should win the path proclaimed by the seer.
DHP282	Wisdom truly arises from meditation; from the absence of meditation, wisdom is lost. Knowing this two-fold path for both prosperity and decline, one should so conduct oneself that wisdom increases.	From meditation indeed wisdom is born, from non-meditation [is] the destruction of wisdom; having known this two-fold path for development and for decline, one should establish oneself in such a way that wisdom increases.
DHP283	Cut down the forest of desire, not just the tree; from the forest of desire fear arises. Having cut down both the forest and the underbrush of desire, be desireless, O monks.	Cut the forest, not the tree; from the forest fear is born; having cut the forest and the undergrowth, monks, be without-forest.
DHP284	For as long as even the tiniest desire of a man for women is not cut off, so long is his mind attached, like a suckling calf to its mother.	For as long as indeed desire is not cut off, even an atomic amount, of a man in women, to that extent that one has a bound mind, as a milk-drinking calf in a mother.
DHP285	Cut off affection for oneself, like an autumnal lotus; develop the path of peace, the Nibbāna taught by the Fortunate One.	Cut off the affection of self, like an autumnal lotus; develop only the path of peace, Nibbāna taught by the Fortunate One.
DHP286	'Here I will live during the rains, here in the winter and the summer,' so the fool thinks, not realizing the danger.	'Here I will dwell during the rainy season, here in the winter and summer,' thus the fool thinks; he does not understand the obstacle.
DHP287	Death carries away that man who is besotted with sons and cattle, whose mind is obsessed, just as a great flood sweeps away a sleeping village.	Death, having seized him, carries away that man who is intoxicated with children and livestock and whose mind is clinging, like a great flood [sweeps away] a sleeping village.
DHP288	Sons are no protection, nor father, nor relatives; for one overcome by death, there is no protection among kin.	Sons are not for protection, nor father, nor even relatives; for one seized by death, there is no protection among relatives.
DHP289	Understanding this purpose, the wise man restrained by ethics should quickly clear the path leading to Nibbāna.	Having understood this reason, the wise person restrained by virtue, should extremely rapidly clear the path leading to Nibbāna.
DHP290	If by forsaking a limited happiness one would see a vast happiness, let the wise person forsake the limited happiness, considering the vast happiness.	From the forsaking of a measure of happiness, if one should see extensive happiness, the wise man should abandon the measure of happiness, seeing extensive happiness.
DHP291	One who desires happiness for oneself by imposing suffering on others, being entangled in the bond of hatred, is not freed from hatred.	By the imposing of suffering on others, he desires happiness for himself; entangled in the entanglement of hatred, he is not freed from hatred.
DHP292	For what truly should be done is neglected, while what should not be done is instead performed; for those who are haughty and heedless, their defilements increase.	Indeed, what (is) duty (is) thrown away, but non-duty is performed; of (those who are) arrogant (and) negligent, of them increase the outflows.
DHP293	Those who are constantly and resolutely engaged with mindfulness of the body do not pursue what should not be done, but persistently perform their duties. For those who are mindful and clearly aware, the defilements come to an end.	And for those whose mindfulness immersed in the body is resolutely undertaken constantly, they do not engage in what should not be done, being persistent doers of their duty. Of the mindful, of those clearly aware, the defilements go to an end.
DHP294	Having killed mother and father, and two warrior kings, and having killed a kingdom together with its retinue, the Brahman goes untroubled.	Having killed mother, father, two kings and noble warriors, having killed kingdom with retinue, untroubled goes the Brahman.
DHP295	Having killed mother and father, and two learned kings, and having killed the fifth, the tiger-like peril, the holy man goes untroubled.	Having killed mother, [having killed] father, [having killed] two kings and [two] learned ones, having killed [the hindrance] with a tiger as the fifth, the holy man goes untroubled.
DHP296	The disciples of Gotama are always wide awake; those for whom, day and night, mindfulness is constantly focused on the Buddha.	The disciples of Gotama wake up well awakened always, for whom by day and by night, mindfulness (is) constantly gone to the Buddha.
DHP297	The disciples of Gotama always wake up wide awake; those whose mindfulness is constantly immersed in the Teaching, both by day and by night.	The disciples of Gotama always wake up well awakened, those for whom mindfulness is constantly directed toward the Teaching by day and by night.
DHP298	The disciples of Gotama are always wide awake when they wake up; those whose mindfulness is constantly focused on the Sangha, day and night.	Wide awake they wake up, always Gotama's disciples, whose mindfulness day and night is constantly focused on the community.
DHP299	Gotama’s disciples always awaken wide awake—they for whom mindfulness directed to the body is constant by day and by night.	The disciples of Gotama always awaken well-awakened, for whom mindfulness directed to the body is constant by day and by night.
DHP300	Gotama's disciples are always wide awake when they awaken—those whose minds, both by day and by night, delight in non-violence.	The disciples of Gotama always wake up well-awakened, they whose mind by day and by night is delighted in non-harming.
DHP301	The disciples of Gotama always awaken wide awake—those whose minds, both by day and by night, are devoted to meditation.	Wide awake they awaken, always Gotama's disciples, of whom by day and by night the mind is delighted in meditation.
DHP302	Going forth is difficult and hard to find pleasure in. Houses are difficult to live in and painful. Living with those who are different is suffering. A traveller is afflicted by pain; therefore, one should not be a traveller, nor should one be afflicted by pain.	Difficult to go forth, difficult to enjoy; difficult to live in are houses, painful; living together with others is painful, a traveller afflicted with suffering; therefore one would not be a traveller, nor would one be afflicted with suffering.
DHP303	One who is faithful and full of virtue, endowed with fame and wealth, is honored in whatever place they frequent.	Faithful, with virtue endowed, with fame and wealth provided, whatever place he resorts to, in that very place [he is] honored.
DHP304	The good shine even from afar, like the Himalaya mountain; the unvirtuous are not seen here, like arrows shot at night.	From a distance virtuous men shine, like the Himalaya mountain; unvirtuous men here are not seen, like arrows shot at night.
DHP305	Sitting alone, sleeping alone, living alertly alone, taming oneself alone, one should delight at the edge of the forest.	One sitting alone, one sleeping alone, living alertly alone, taming oneself alone, one should be delighted in the forest region.
DHP306	The speaker of falsehood goes to hell, and also he who, having done something, says 'I did not do it.' Both of them, after death, become equal in the hereafter—people of base deeds.	A liar goes to hell, or even whoever having done says 'I do not do'; both even they after death equal become, low-actioned people in the hereafter.
DHP307	Many who wear the yellow robe around their necks, but are of evil character and unrestrained—such evil-doers are reborn in hell because of their evil deeds.	Many wearing the yellow robe on the neck, evil-natured and unrestrained, those evil ones by evil deeds are reborn in hell.
DHP308	Better to eat an iron ball, glowing and like a flame of fire, than that an immoral and unrestrained man should eat the country's alms food.	Better [is] an iron ball eaten, heated [and] like fire-crests, than if an immoral one, unrestrained, should eat the country's alms food.
DHP309	A negligent man who consorts with another's wife meets with four things: accumulation of demerit, lack of pleasant sleep, thirdly blame, and fourthly hell.	A negligent man, an associater with another's wife, undergoes four states: acquisition of demerit, no comfortable rest, blame as the third, and hell as the fourth.
DHP310	Acquiring demerit and a bad destination; the pleasure of a man and woman in fear is brief; the king inflicts a heavy punishment; therefore, a man should not consort with another's wife.	Acquiring of demerit and a destination bad; of a frightened (man), of a frightened (woman) pleasure and brief; a king and punishment heavy imposes; therefore a man another's wife not should consort with.
DHP311	Just as kusa grass, if wrongly held, cuts the hand, so the ascetic life, if wrongly practiced, drags one to hell.	As kusa grass wrongly grasped cuts the hand indeed, asceticism wrongly grasped drags to hell.
DHP312	Whatever lax deed, whatever corrupted vow, and the holy life that is suspect—that is not of great fruit.	Whatever lax action, and whatever corrupted vow, [and] suspect holy life, that is not great-fruited.
DHP313	If one should do something, one should do it firmly; one should exert oneself vigorously. For a lax wanderer only stirs up more defilement.	If [one] should do [it], one should do it [firmly]; [one] should strive for it firmly. For a lax wandering monk stirs up more dust.
DHP314	Better is a bad deed left undone, for a bad deed brings regret later on. And better is a good deed done, which, having done, one does not regret.	An undone bad deed is better; afterwards, the bad deed burns [one with remorse]. And a done good deed is better, which, having done, one does not regret.
DHP315	Just like a border fortress, guarded inside and out, so should you guard yourselves. Let not the moment pass you by, for those who miss the moment sorrow when they are consigned to hell.	Like a border town guarded inside and out, so you should guard the self; may the moment not pass you by; for those who have missed the moment sorrow, having been consigned in hell.
DHP316	Beings are ashamed of what they should not be ashamed of, and are not ashamed of what they should be ashamed of; undertaking wrong views, they go to a state of misery.	They are ashamed in that which should not be ashamed of, they are not ashamed in that which should be ashamed of; from the undertaking of wrong views, beings go to a state of misery.
DHP317	Seeing danger in what is safe and seeing no danger in what is dangerous, having taken up wrong views, beings go to a state of misery.	In the non-fearful danger-seeing [ones], and in the fearful non-danger-seeing [ones], from the undertaking of wrong views, beings go to a bad destination.
DHP318	Beings who perceive a fault in what is not a fault, and see no fault in what is a fault, go to a state of misery because they have adopted wrong views.	In what is not a fault [they are] perceiving-fault; and in what is a fault [they are] seeing-no-fault; from the undertaking of wrong views, beings go to a state of misery.
DHP319	Having recognized a fault as a fault and what is not a fault as not a fault, beings who have undertaken right view go to a happy destination.	and a fault as a fault having recognized, and what is not a fault as not a fault, who have undertaken right view, beings go to a happy destination.
DHP320	As an elephant in battle endures an arrow shot from a bow, so will I endure abuse; for many people are ill-behaved.	I, like an elephant in battle [endures] an arrow shot from a bow, will endure verbal assault; for the multitude is ill-behaved.
DHP321	They lead the tamed elephant to the assembly; the king mounts the tamed elephant. Among humans, the tamed one is best, who endures abuse.	The tamed [one] they lead to an assembly, the tamed [one] the king mounts; the tamed [one is] best among humans, who endures abuse.
DHP322	Trained mules are excellent, as are thoroughbred Sindh horses and great tusker elephants; but even better than those is one who has tamed himself.	Tamed mules are better, and thoroughbred Sindh horses, and elephants and great elephants; one who is self-tamed is better than that.
DHP323	For one cannot go to the untraveled region by these vehicles, just as a tamed person goes by means of a well-tamed self.	For one would not go to the untraveled region by these vehicles, as by the well-tamed self, a tamed one goes by the tamed [self].
DHP324	The elephant named Dhanapāla, releasing pungent excretion (in the height of rut) and difficult to restrain, does not eat a morsel when bound; the elephant remembers the elephant forest.	The elephant named Dhanapāla, releasing pungent excretion, difficult to restrain, bound, a morsel does not eat; he remembers of the elephant forest, the elephant.
DHP325	When one is sluggish and gluttonous, a sleeper who rolls around in bed like a great hog fed on fodder, that fool is reborn again and again.	When [one] is drowsy and a glutton, a sleeper rolling around and lying down, like an enormous pig nourished by fodder, the fool approaches the womb repeatedly.
DHP326	This mind formerly wandered wherever it desired, wherever it wished, as it pleased. Now I shall thoroughly restrain it, just as a mahout restrains an elephant in rut with his hook.	This mind formerly wandered its wandering wherever it desired, where it wished, as was comfortable; that today I will restrain properly, like an elephant in rut is restrained by a hook-holder.
DHP327	Delight in diligence, protect your own mind, lift yourselves out of the slough, like an elephant sunk in the mud.	Be ones delighting in non-heedfulness, guard your own mind, rescue yourselves from the bad way, like an elephant sunk in the mud.
DHP328	If one should find a prudent companion, a wise fellow-traveler who lives virtuously, then, overcoming all dangers, one should wander with him, happy and mindful.	If one should obtain a wise companion, wandering together, a wise one who lives well, having overcome all dangers, one should live with him, delighted in mind and mindful.
DHP329	If one does not find a wise companion, a fellow-traveller, a prudent sage, then like a king who has abandoned a conquered kingdom, one should wander alone like an elephant in the Matanga forest.	If (one) should not find a wise companion, faring together, a prudent sage; (then) like a king having abandoned a conquered kingdom, (one) should wander alone (as) an elephant in the Matanga forest.
DHP330	Life alone is better, there is no companionship with a fool; let one live alone and do no evil, unconcerned, like a bull elephant in the Mātaṅga forest.	The living of one is better; there is no friendship in a fool; one should live alone and not do evils, having little desire, like an elephant in the Mātaṅga-forest.
DHP331	When a need arises, friends are a blessing; contentment is a blessing with whatever may be. Merit is a blessing at the end of life; the abandoning of all suffering is a blessing.	In a need having arisen, happy [are] companions; contentment [is] happy which [is] with whatever kind; merit [is] happy in the destruction of life; the abandoning of all suffering [is] happy.
DHP332	Love for one's mother is a blessing in the world, and love for one's father is a blessing too. Devotion to ascetics is a blessing in the world, and devotion to holy ones is a blessing too.	Pleasant is love for mother in the world, and love for father is pleasant, pleasant is devotion to ascetics in the world, and devotion to holy ones is pleasant.
DHP333	Virtue is pleasant until old age; faith, when established, is pleasant; the acquisition of wisdom is pleasant; the non-doing of evils is pleasant.	Pleasant until old age is virtue; pleasant is faith established; pleasant is the acquisition of wisdom; the non-doing of evils is pleasant.
DHP334	For a person who lives heedlessly, craving grows like a māluvā creeper; he leaps from life to life like a monkey seeking fruit in the forest.	Of a human being living heedlessly, craving increases like a māluvā creeper; he leaps from here to there like a monkey desiring fruit in a forest.
DHP335	When this wretched craving, this ensnarer in the world, overcomes someone, their sorrows grow like vetiver grass soaked by rain.	When this wretched craving, the entangler in the world, overcomes [a person], sorrows of that [one] increase like vetiver grass rained upon.
DHP336	But whoever in this world overcomes this wretched craving, which is so difficult to escape, sorrows fall away from him like drops of water from a lotus leaf.	Whoever and this overcomes wretched craving in the world, difficult to get past, sorrows from him fall away, like a drop of water from a lotus leaf.
DHP337	I say this to you: good luck to you, as many as are assembled here! Dig up the root of craving, like one seeking the fragrant root of vetiver grass digs up the birana grass. Do not let Mara break you again and again, like the stream breaks a reed.	That I say to you, good luck to you, as many as are here gathered; dig up the root of craving, like one needing vetiver grass (digs) birana grass; let Mara not break you again and again like the stream (breaks) a reed.
DHP338	Just as a tree, though cut off, grows again if its root is uninjured and firm, so too this suffering arises again and again when the underlying tendency of craving is not destroyed.	Just as when the root is uninjured and firm, a tree, even if cut, grows back again; even so when the underlying tendency of craving is not destroyed, this suffering arises again and again.
DHP339	When the thirty-six streams flowing toward pleasant things are strong, the person of wrong views is carried away by those currents—thoughts dependent on passion.	Whose thirty-six streams, flowing to the pleasant, [are] strong, [those] currents carry away the person of wrong view, [being] thoughts dependent on passion.
DHP340	The currents flow everywhere; the creeper of craving, having arisen, remains. Seeing that creeper grown, cut off its root with wisdom.	The currents flow everywhere; the creeper, having arisen, persists; and having seen that grown creeper, cut the root by wisdom.
DHP341	Streaming and steeped in love, joys arise in a person. Attached to pleasure and seeking happiness, those people indeed undergo birth and old age.	Flowing and steeped in affection, joys exist for a person. Those attached to pleasure and seeking happiness, those men are indeed undergoing birth and old age.
DHP342	Beings beset by craving scurry around like a trapped rabbit. Bound by fetters and ties, they undergo suffering again and again for a long time.	Beings beset by craving scurry around like a trapped rabbit; attached by the bond of fetters, they experience suffering again and again for a long time.
DHP343	Beset by craving, people wriggle about like a trapped rabbit. Therefore, one should dispel craving, aspiring for dispassion for oneself.	Mankind beset by craving wriggle about like a trapped rabbit; therefore [one] should dispel craving, aspiring for dispassion of oneself.
DHP344	Whoever, being free from craving, is inclined to the monk’s life, yet having been freed from craving runs right back to craving—come, behold that person! Though freed, he runs right back to bondage.	Whoever (is) without desire, (yet) intent on the forest, freed from the forest (of desire), runs just to the forest (of desire); see that person here—freed, he runs just to bondage.
DHP345	The wise do not say that bond is strong which is made of iron, wood, or reed; but that obsession with jewels and earrings, and that longing for children and wives, is a truly strong bond.	The wise say that bond is not strong which is made of iron, and which is made of wood and reed; [but] the infatuation for jewels and earrings, and the longing which is for children and wives [they say is strong].
DHP346	The wise say this bond is strong: dragging down, seemingly loose, yet hard to escape. Having cut even this, they wander forth, indifferent, having abandoned the pleasure of the senses.	This strong bond say the wise, dragging down, loose, hard to release; even this having cut, they wander forth, indifferent, having abandoned sensual pleasure.
DHP347	Those filled with passion fall into the stream, like a spider into the web it made itself. Having cut even this, the wise wander on, indifferent to pleasure, having abandoned all suffering.	Who [are] filled with passion [they] fall into the stream, [like] a spider [into] a self-made web; having cut even this, the wise ones go, indifferent, having abandoned all suffering.
DHP348	Let go of the past, let go of the future, let go of the present. Having gone beyond existence, with a mind liberated in every way, you will not come again to birth and old age.	Let go of the before, let go of the after, let go of the middle, having reached the far shore of existence; everywhere with a liberated mind, not again to birth and old age will you come.
DHP349	For a person disturbed by thoughts, with intense passion, and perceiving as beautiful, craving increases even more; he indeed makes the bond strong.	Of a person churned by thoughts, of one having intense passion, of one observing beauty, more craving increases; this one indeed makes the bond strong.
DHP350	And whoever is devoted to the calming of thoughts, always mindful and developing the meditation on foulness, he indeed will make an end; he will cut the bond of Māra.	And who is delighted in the calming of thoughts, always mindful, develops the foulness, he indeed will make an end, he will cut the bond of Māra.
DHP351	One who has reached the goal, who is fearless, free from craving and spotless, has cut off the barbs of existence. This is his final body.	Reached the end, fearless, gone-craving, unblemished, he has cut off the arrows of existence; final this body.
DHP352	One who is free from craving and attachment, who is skilled in language and the meaning of expressions, who knows the arrangement of syllables and their sequence—he is indeed in his final body; one of great wisdom, he is called a 'Great Man.'	Free from craving, free from attachment, skilled in language and expressions, he would know the arrangement of syllables and the before-and-after; he indeed [is] in his final body; [one] of great wisdom, 'Great Man' he is called.
DHP353	I have conquered all, I know all, and I am untainted by all things. Having abandoned all and being liberated through the extinction of craving, having realized this by myself, whom should I name as my teacher?	I am the overcomer of all, the knower of all, untainted in all phenomena; giving up all, liberated in the destruction of craving, having realized by myself, whom should I point to?
DHP354	The gift of Dhamma excels all gifts; the taste of Dhamma excels all tastes; delight in Dhamma excels all delights; the destruction of craving overcomes all suffering.	The gift of Dhamma conquers all giving; the taste of Dhamma conquers all tastes; the delight in Dhamma conquers all delight; the destruction of craving conquers all suffering.
DHP355	Riches ruin the fool, but not those in quest of the Beyond. Through craving for riches, the fool ruins himself as well as others.	Wealth ruins the fool, but not those seeking the Beyond; through craving for wealth, the fool ruins himself as well as others.
DHP356	Fields are ruined by weeds; this mankind is ruined by passion. Therefore, a gift given to those free from passion yields great fruit.	Fields are ruined by weeds; this population is ruined by passion; therefore indeed, in those free from passion, an offering is of great fruit.
DHP357	Fields are ruined by weeds, and people are ruined by hatred. Therefore, a gift given to those free from hatred yields great fruit.	Fields are weed-ruined, this population is hate-ruined; therefore indeed, what is given to those who have gone beyond hatred is of great fruit.
DHP358	Fields are ruined by weeds, this generation is ruined by delusion; therefore, what is given to those free from delusion yields great fruit.	Fields are spoiled by weeds, this generation is spoiled by delusion; therefore indeed, to those free from delusion, what is given exists as of great fruit.
DHP359	The Chapter on Monks	The monk chapter
DHP360	Restraint of the eye is good, restraint of the ear is good, restraint of the nose is good, restraint of the tongue is good.	Restraint with the eye is good, good is restraint with the ear, with the nose restraint is good, good is restraint with the tongue.
DHP361	Restraint in body is good; good is restraint in speech. Restraint in mind is good; good is restraint everywhere. The monk who is restrained in every way is freed from all suffering.	Restraint by body is good, good is restraint by speech, restraint by mind is good, good is restraint in everything, everywhere restrained monk from all suffering is freed.
DHP362	Restrained in hands, restrained in feet, restrained in speech, and fully restrained in all ways; finding inner joy, composed, solitary and content—him they call a monk.	Restrained in hands, restrained in feet, restrained in speech, highest among the restrained, delighting in the internal, composed, alone, content, that one they call a monk.
DHP363	Whoever is a monk restrained in speech, who speaks wisely and is not arrogant, explaining the meaning and the teaching—sweet is his speech.	Whoever is a mouth-restrained monk, a wise speaker, not arrogant, explains the meaning and the teaching; sweet is his speech.
DHP364	The monk who dwells in the Dhamma, delights in the Dhamma, reflects on the Dhamma, and recollects the Dhamma, does not fall away from the true Dhamma.	A monk enjoying the Dhamma, devoted to the Dhamma, reflecting on the Dhamma, and recollecting the Dhamma, does not fall away from the true Dhamma.
DHP365	One should not despise one's own gain, nor should one live envying others; a monk who envies others does not attain concentration.	One's own gain one should not despise, not envying others one should live; a monk envying others concentration does not attain.
DHP366	Even if a monk receives little, he does not look down on his own gain. The gods truly praise him, who is pure in livelihood and energetic.	If even receiving little a monk his own gain does not despise, him indeed the gods praise, pure in livelihood, not lazy.
DHP367	One who has no notion of 'mine' toward mentality and materiality in any way, and who does not grieve for what is not there, is truly called a monk.	In every way in name and form, for whom there is no 'mine-making', and who does not grieve for what is not present, he indeed is called a 'monk'.
DHP368	A monk who dwells in friendliness and has confidence in the Buddha's teaching, would attain the peaceful state, the stilling of conditions, the bliss.	Whoever monk (is) a friendliness-dweller, (is) confident in the Buddha's teaching, would attain the peaceful state, the conditioned-thing-stilling, the blissful.
DHP369	Bail out this boat, monk! When emptied, it will sail swiftly for you. Having cut off passion and hatred, you will then reach Nibbāna.	Bail out, O monk, this boat. Bailed out, for you it will go swiftly. Having cut off passion and hatred, then you will reach Nibbāna.
DHP370	One should cut off five, abandon five, and further cultivate five. A monk who has transcended the five attachments is called 'one who has crossed over the flood'.	Five one should cut, five one should abandon, and further five one should develop; the monk who has gone beyond the five attachments is called 'one who has crossed over the flood'.
DHP371	Meditate, monk! Do not be negligent. Do not let your mind delight in sensual pleasures. Do not swallow a red-hot iron ball through negligence, lest you cry out 'This is suffering!' while being burned.	Meditate, O monk, do not be negligent; let not your mind delight in the objects of sensual pleasure; do not swallow a metal ball, being negligent; do not cry out 'This is suffering' while being burned.
DHP372	There is no meditative absorption for one without wisdom, and no wisdom for one who does not meditate. In whom there is both meditative absorption and wisdom, he is indeed close to Nibbāna.	There is no meditation for the unwise; wisdom is not for the one not meditating; in whom meditation and wisdom [are], he indeed is near Nibbāna.
DHP373	For the monk who has entered an empty building and has a calm mind, there is a superhuman delight as he rightly discerns the Dhamma.	Of the monk who has entered an empty dwelling, whose mind is peaceful, a superhuman delight exists (for him) who is seeing the Dhamma rightly.
DHP374	Whenever one contemplates the rising and falling of the aggregates, one obtains joy and happiness; that is the deathless for those who understand it.	Whenever, whenever he contemplates the rising and falling of the aggregates, he obtains joy and happiness; that is the deathless of those who understand.
DHP375	In this matter, this is the beginning for a wise monk: guarding the senses, contentment, and restraint according to the monastic code.	In that case this beginning becomes here for the wise monk: guarding of senses, contentment, and restraint in the Patimokkha.
DHP376	Associate with friends who are good, energetic, and of pure livelihood. One should be cordial and skilled in conduct; then, full of joy, one will make an end of suffering.	Associate with friends [who are] good, clean-living [and] energetic; let there be a nature of friendly reception, [one] should be skilled in conduct; from that, [one being] full of joy will make an end of suffering.
DHP377	Just as the jasmine plant sheds its withered flowers, even so, O monks, you should cast off lust and hatred.	Like the jasmine sheds withered flowers, thus lust and aversion you should cast off, O monks.
DHP378	One with a calm body, calm speech, peaceful and well-composed, a monk who has disgorged the world’s bait is called 'tranquil'.	One who is physically calm, one who is verbally calm, peaceful, well meditatively composed, a monk who has vomited the bait of the world, is called 'at peace'.
DHP379	By yourself you should rebuke yourself; examine yourself by yourself. Thus self-guarded and mindful, O monk, you will live happily.	By yourself rebuke yourself, you should examine (yourself) by yourself. He, self-guarded, mindful, happily, monk, will live.
DHP380	One is indeed one's own lord; for what other lord could there be? One is indeed one's own destination; therefore, restrain yourself as a merchant restrains a noble horse.	Self indeed is the lord of self; (for what other lord could there be?) self indeed is the destination of self; therefore restraining oneself, like a noble horse, as a merchant.
DHP381	A monk full of joy, with faith in the Buddha's teaching, would attain the state of peace, the blissful stilling of formations.	A monk having much joy, being confident in the Buddha's instruction, should attain the peaceful place, the happiness of the quieting of conditions.
DHP382	Indeed, that young monk who applies himself to the Buddha's teaching illuminates this world, like the moon freed from a cloud.	Whoever indeed [is] a young monk [who] joins in the Buddha's teaching, he illuminates this world, like the moon released from a cloud.
DHP383	Strive and cut across the stream, O holy man, and dispel your sensual desires. Knowing the destruction of all conditioned things, you are one who knows the uncreated, O holy man.	Striving, cut across the stream, O holy man; drive out sense desires, O holy man. Having understood the destruction of conditioned things, you are one who knows the uncreated, O holy man.
DHP384	When the brahmin has gone to the far shore in two states, then all the fetters of that one who knows come to an end.	When in two things one who has gone beyond is the brahmin, then his all fetters go to an end, for the knowing one.
DHP385	For whom there is found neither the far shore nor the near shore, nor both; him, fearless and detached, I call a Brahmin.	For whom the far shore or the near shore or both far and near shore is not found, him I call a Brahmin, free from anguish and detached.
DHP386	One who is meditating, stainless, and seated, who has done what was to be done and is free from effluents, who has reached the supreme goal—him I call a Brahmin.	Meditating, stainless, seated, having done the duty, effluent-free, having reached the supreme goal—him I call a Brahmin.
DHP387	By day the sun shines, and by night the moon glows. The warrior shines in his armor, and the meditator shines in his contemplation. But all day and all night, the Buddha shines with radiant splendor.	By day the sun shines; by night the moon radiates. Armed, the warrior shines; the meditator shines. Then, throughout the entire day and night, the Buddha shines with splendor.
DHP388	One who has banished evil is called a 'brahmin'; because of living in harmony, one is called an 'ascetic'; by driving out one's own impurity, for that reason one is called a 'renunciant'.	'One who has banished evil' thus is a brahmin; by harmonious conduct one is called an 'ascetic'; driving out one's own impurity, from that [reason] one is called a 'renunciant'.
DHP389	One should not strike a brahmin, nor should a brahmin give vent to anger at him. Woe to the striker of a brahmin, but woe even more to him who gives vent to anger.	One should not strike a brahmin; nor at him should a brahmin release [anger]. Woe to the striker of a brahmin; after that, woe to whoever releases [anger] at him.
DHP390	It is no small advantage for a brahmin to restrain the mind from pleasant things; to the extent that the intention to harm turns away, to that same extent does suffering subside.	It is not a small thing better for an arahant: when there is restraint of the mind from dear things; from wherever the intention to harm turns away, from there indeed suffering is calmed.
DHP391	One for whom there is no bad deed by body, speech, or mind—restrained in these three ways—him I call a Brahmin.	For whom by body, by speech, by mind there is not a bad deed, restrained in the three ways, him I call a Brahmin.
DHP392	One should respectfully honor the person from whom one learns the Dhamma taught by the perfectly awakened Buddha, just as a Brahman honors the sacrificial fire.	From whom one would learn the Dhamma taught by the perfectly awakened Buddha, one should respectfully honor him, like a Brahman (honors) the fire sacrifice.
DHP393	Not by matted hair, nor by lineage, nor by birth does one become a Brahmin. But in whom there is truth and Dhamma, he is pure, and he is a true Brahmin.	Not by dreadlocks, not by clan, not by birth is one a Brahmin. In whom [is] truth and virtue, he [is] pure and he [is] a Brahmin.
DHP394	O fool, what is the use of your matted hair? What is the use of your antelope hide garment? Your interior is a tangle, but you polish the exterior.	What is the use for you with matted hairs, O unwise one? What is the use for you with the animal-hide garment? The interior of you is a thicket; the exterior you polish.
DHP395	The person who wears rag robes, who is lean, whose veins show all over the body, and who meditates alone in the forest—him I call a Brahmin.	The wearing-rag-robes person, thin, covered-with-veins, alone in the forest meditating, him I call a Brahmin.
DHP396	And I do not call one a Brahman merely by birth or maternal origin. He is merely called a 'Bhovadi' if he still has worldly attachments. One who is possessionless and unattached—him I call a Brahman.	And I do not call [him] a Brahman, [who is] womb-born, mother-produced; he is called a 'Bhovadi' if he is with possessions; [one who is] without possessions and without grasping—him I call a Brahman.
DHP397	Having cut off every fetter, whoever truly is not agitated, who has transcended clinging and is unfettered—him I call a brahmin.	Having cut all-fetter, who indeed not is-agitated, attachment-surmounting unfettered-one, him I say a-brahmin.
DHP398	Having cut the grudge and the strap, the tether with its bridle, who has lifted the crossbar, the awakened one—him I call a Brahmin.	Having cut the tie and the strap, the binding together with the bridle, who has lifted the crossbar, the awakened one, him I call a Brahmin.
DHP399	One who endures abuse, beating and binding without resentment, who has the power of patience as their strength and force—that one I call a holy person.	Abuse and beating-and-binding, who not-offended endures, having-patience-strength, having-strength-force—him I call a holy-man.
DHP400	One who is free from anger, dutiful, virtuous, without arrogance, tamed, and in his final body—him I call a Brahmin.	The one without anger, the one possessing duty, the one possessing virtue, the one without arrogance, the tamed one, the one with the last body—him I call a Brahmin.
DHP401	Like water on a lotus leaf, like a mustard seed on the point of a needle, him who does not cling to sensual pleasures—him I call a Brahmin.	As water on a lotus leaf, like a mustard seed on a needle-tip, who is not stained in sensual pleasures, him I call a Brahmin.
DHP402	Whoever understands, right here in this very life, the destruction of their own suffering, who has laid down the burden and is detached—him I call a holy man.	Whoever understands right here the destruction of their own suffering, who has dropped the burden, detached, him I call a Brahman.
DHP403	Him of profound understanding, the wise one, skilled in the right and wrong way, who has attained the ultimate goal—him I call a Brahmin.	Him with profound wisdom, the intelligent man, the expert of the path and the non-path, the one who has reached the supreme benefit—him I call an arahant.
DHP404	Him I call a Brahmin, who does not associate with householders or with the homeless, who wanders without an abode and has few desires.	Not associated with householders and with homeless ones, with both; wandering without home, with few wishes; him I call a Brahmin.
DHP405	Having laid aside violence towards all beings—both those who tremble and those who are firm—he who neither kills nor causes to kill, him I call a holy man.	Having put down the stick towards beings, towards those who tremble and those who are stationary, who neither kills nor causes to kill, him I call a holy man.
DHP406	Friendly among the hostile, peaceful among the violent, and unattached among those who cling—him I call a Brahmin.	Not hostile among the hostile, cooled among those with weapons in hand, without grasping among those with grasping—that one I call a Brahmin.
DHP407	Whose lust and hate, pride and hypocrisy have fallen away, like a mustard seed from the tip of a needle, him I call a Brahmin.	For whom passion and aversion, conceit and denigration [have been] dropped, like a mustard seed from a needle-point, him I call a holy man.
DHP408	One who should speak speech that is gentle, instructive, and true, by which one would not offend anyone—that one I call a brahmin.	One should utter smooth, instructive, true speech, by which one would not swear at anyone; him I call a brahmin.
DHP409	Whoever here in this world does not take what is not given—whether it is long or short, small or large, beautiful or ugly—him I call a Brahmin.	Whoever here long or short, small or large, beautiful or ugly, in the world not-given does not take, him I call a Brahmin.
DHP410	One for whom there are no hopes, in this world or the next; him I call a Brahmin, desireless and detached.	For whom hopes do not exist, in this world and in the next, him—desireless and detached—I call a Brahmin.
DHP411	For whom attachments no longer exist, who through knowledge is free from doubt, who has reached immersion in the Deathless—him I call a brahmin.	For whom attachments do not exist, having known, being without doubt, reached the plunge into the deathless, him I call a brahmin.
DHP412	Whoever here has transcended the tie of both merit and evil, who is sorrow-free, stainless, and pure—him I call a holy man.	Whoever here both merit and evil, both ties has transcended, sorrow-free, stainless, pure, him I say a holy man.
DHP413	Like the moon, stainless, pure, clear and unclouded, one who has destroyed craving for existence — him I call a Brahmin.	Like the moon, stainless, pure, clear, unclouded, with the joy of existence destroyed, him I call a Brahmin.
DHP414	Whoever has crossed over this obstacle, this difficult path, this wandering on, and this delusion; who has gone beyond and reached the far shore; who is a meditator, unperturbed, free from doubt, and cooled through non-clinging—him I call a brahmin.	Who this obstacle difficult, wandering-on delusion surpassed, crossed-over gone-beyond meditator, unperturbed non-how-asking, not-having-grasped quenched, him I say [is a] brahmin.
DHP415	Whoever here, having given up sensual pleasures, would wander as a homeless one, one for whom sensual existence is exhausted—him I call a brahmin.	Whoever here having abandoned sensual pleasures would wander homeless, one who has exhausted sensual existence, him I call a brahmin.
DHP416	Whoever here, having abandoned craving, would wander homeless, him in whom craving for existence is exhausted, I call a holy person.	Whoever here craving having abandoned, homeless should wander, craving-for-existence-exhausted, him I call a holy man.
DHP417	Having left behind the human bond, he has transcended the divine bond; detached from all ties, him I call a Brahmin.	Having abandoned the human yoke, he went beyond the celestial yoke, detached from all yokes, him I call a Brahmin.
DHP418	Having abandoned both delight and boredom, cooled, free from attachment, a hero who has conquered the whole world—that one I call a holy man.	Having abandoned delight and dissatisfaction, become cool, free from attachment, the conqueror of the whole world, the hero, him I call a holy man.
DHP419	Whoever knows the death and rebirth of beings in every way, unattached, well-gone, and awakened—him I call a Brahmin.	Who knew the passing away and rebirth of beings in every way, unattached, well-gone, awakened; him I call a Brahmin.
DHP420	Whose destination gods, gandhabbas, and humans do not know—him, who has destroyed the effluents, an arahant, I call a Brahmin.	Whose destination not they know, gods, gandhabbas and humans, the one who has destroyed effluents, the arahant, him I call a Brahmin.
DHP421	For whom there is nothing in the past, the future, or the present; him, who possesses nothing and is unattached, I call a true brahmin.	For whom before and after and in the middle there is not anything; him having nothing, not grasping, I call a brahmin.
DHP422	The bull-like, the noble, the hero, the great sage, the conqueror, the unperturbed, the purified, the awakened one—him I call a Brahman.	The bull-like, the noble, the hero, the great seer, the vanquisher, the unshakeable, the cleansed, the awakened; that one I call a Brahman.
DHP423	He who knows his former lives, who sees heaven and hell, and who has reached the end of rebirth; a sage who has perfected his knowledge and completed all that was to be done—him I call a true brahmin.	Who knew previous life, and sees heaven and hell, and then [is] reached to the destruction of birth, the sage [who is] perfected by direct knowledge, [who is] the mastering of all that is mastered, him I call a brahmin.
